Ticker,ano,lpa
AMER3,2010,0.3047
ENGI11,2010,0.1785
NEOE3,2010,0.3
PSSA3,2010,1.90246
UPKP3,2010,0.2777
EMAE4,2010,0.07969
TGMA3,2010,0.0
RAIL3,2010,0.3544
CPFE3,2010,3.2424
EGIE3,2010,1.85624
STBP3,2010,0.17084
COGN3,2010,-0.37513
CCRO3,2010,1.5
JBSS3,2010,-0.12145
PDGR3,2010,0.7318
BRAP4,2010,0.0
MRFG3,2010,0.4216
ATMP3,2010,1.82
ECOR3,2010,1.118
ENEV3,2010,-1.8751
FRIO3,2010,1.624
SEER3,2010,0.33222
EMBR3,2010,0.7926
SGPS3,2010,-0.15318023
MULT3,2010,1.2286
TAEE11,2010,1.627
TCSA3,2010,1.376
LPSB3,2010,2.13376
JHSF3,2010,0.50084
EZTC3,2010,1.7
MRVE3,2010,1.3164
GPAR3,2010,-19.23595
NEXP3,2010,0.43571
SYNE3,2010,1.08709
YDUQ3,2010,0.00101
TRIS3,2010,0.4898
OSXB3,2010,0.0073
TECN3,2010,0.283
PRIO3,2010,0.218
ENAT3,2010,0.59
APER3,2010,14.7
QUAL3,2010,-0.011
MDNE3,2010,2.1
BGIP3,2010,5.17
BGIP4,2010,5.17
CRPG5,2010,-0.02727
FESA4,2010,1.562
SUZB3,2010,1.97777
ARZZ3,2010,0.82
DIRR3,2010,1.249
RENT3,2010,1.3
RPAD5,2010,0.63216
BMEB4,2010,5.245
BRGE11,2010,0.7249
CEDO4,2010,4.02
CSMG3,2010,114929.328
CTSA3,2010,0.5764
CTSA4,2010,0.634
FHER3,2010,1.27509
CTNM4,2010,0.0186
BEES4,2010,0.94
PETR4,2010,3.57
JFEN3,2010,0.91892
BHIA3,2010,0.0
CSNA3,2010,1.72594
MOAR3,2010,0.0
VLID3,2010,1.8262
UGPA3,2010,1.43
SOND5,2010,1761.0
RPMG3,2010,-0.21
TKNO4,2010,9.55121
VALE3,2010,5.66
GGBR4,2010,1.50316
BRKM5,2010,2.6497
EPAR3,2010,0.022
EVEN3,2010,1.18
SBSP3,2010,7.15623
BAHI3,2010,8.71714
MGLU3,2010,0.45889
VSTE3,2010,0.65381
BOBR4,2010,0.52
VULC3,2010,0.0
PLAS3,2010,0.0
JSLG3,2010,0.51
TOTS3,2010,4.41
EUCA4,2010,1.34
ROMI3,2010,0.91
BMKS3,2010,382.24512
ODPV3,2010,1.23683
BPAN4,2010,-0.77
LEVE3,2010,2.52418
IGTI11,2010,0.0064
NEMO5,2010,1.89745
BBDC4,2010,2.77
BRIV4,2010,0.83701
FLRY3,2010,0.99
ITUB4,2010,2.58
USIM5,2010,1.67
RSID3,2010,0.7071
ETER3,2010,1.14
MYPK3,2010,1.9776
AMAR3,2010,1.13072
DASA3,2010,0.42751
ITSA4,2010,1.01
REDE3,2010,-1.06
PINE4,2010,1.95
RDNI3,2010,1.4753
VIVR3,2010,0.2431
TEND3,2010,0.3027
CYRE3,2010,0.0
OIBR4,2010,3.34
INEP4,2010,0.47875
TEKA4,2010,-3.60622
PTBL3,2010,0.2
CLSC4,2010,7.0911
WEGE3,2010,0.84
DOHL3,2010,2.46
DOHL4,2010,2.46
MWET4,2010,-0.14
SHUL3,2010,0.747
SHUL4,2010,0.747
MTSA4,2010,2.03322
FRTA3,2010,110000.0
JOPA4,2010,1.26193
HBTS5,2010,1.48302743
FRAS3,2010,0.47
RAPT4,2010,1.04
SLCE3,2010,0.000599
LUPA3,2010,-1.5335
KLBN11,2010,0.6436
GRND3,2010,1.04
SANB11,2010,19.44
RCSL4,2010,-0.1635
KEPL3,2010,0.0194
PNVL3,2010,6.6537
GOAU4,2010,2.20382
PATI4,2010,62.00932
BRSR5,2010,0.002
LREN3,2010,2.5252
TASA4,2010,0.5791
RANI3,2010,4.6909
DXCO3,2010,1.0197
CEBR5,2011,2.85201
AMER3,2011,-0.6575
ENGI11,2011,0.1967
CIEL3,2011,3.3262
NEOE3,2011,0.27
GFSA3,2011,-2.1893
BRFS3,2011,1.57
OPTS3,2011,1e-05
PSSA3,2011,1.77648
EMAE4,2011,-1.14619
TGMA3,2011,0.0
PDTC3,2011,0.1019
RAIL3,2011,0.3568
CPFE3,2011,0.0
EGIE3,2011,2.2185
VIVT3,2011,4.40194
STBP3,2011,0.37399
COGN3,2011,0.07943
CCRO3,2011,1.49
JBSS3,2011,0.02777
HYPE3,2011,-0.088
PDGR3,2011,0.67237
TRPL4,2011,6.02735
EQTL3,2011,1.4657
LIGT3,2011,1.52
BRAP4,2011,5.9796
MRFG3,2011,-2.1533
ATMP3,2011,0.34
ECOR3,2011,0.69
ENEV3,2011,-2.98824
FRIO3,2011,0.175
SEER3,2011,0.29
MDIA3,2011,3.23092
EMBR3,2011,0.216
SGPS3,2011,-0.98
MULT3,2011,1.6741
FIEI3,2011,0.15
TAEE11,2011,1.8801
TCSA3,2011,0.797644
LPSB3,2011,2.54714
JHSF3,2011,0.51508
EZTC3,2011,2.25
MRVE3,2011,1.5783
GUAR3,2011,5.5533
GPAR3,2011,-20.208
NEXP3,2011,0.59538
SYNE3,2011,1.376
YDUQ3,2011,0.00085
TRIS3,2011,-0.4942
OSXB3,2011,3e-05
TECN3,2011,1.262
B3SA3,2011,0.53779
PRIO3,2011,0.056
ENAT3,2011,0.36
APER3,2011,1.188
QUAL3,2011,-0.1383
HBSA3,2011,0.19
SNSY3,2011,-3.2
SNSY5,2011,-3.2
CRPG5,2011,0.033229296
FESA4,2011,1.0585
SUZB3,2011,0.07043
ARZZ3,2011,1.05
DIRR3,2011,1.15
RENT3,2011,1.47671
CMIG4,2011,3.53805
RPAD5,2011,0.59423
BMEB4,2011,1.9704
BRGE11,2011,0.80942
CEDO4,2011,1.28
CSMG3,2011,4.04
MEAL3,2011,0.16702
CTSA3,2011,0.6182
CTSA4,2011,0.68
CTNM4,2011,-2.2287
BEES4,2011,0.53
SCAR3,2011,1.6819
BPAC11,2011,0.56
PETR4,2011,2.55
JFEN3,2011,0.66697
BHIA3,2011,0.32184
CSNA3,2011,2.54191
MOAR3,2011,16.02478
VLID3,2011,2.0203
UGPA3,2011,1.59
SOND5,2011,2004.0
RPMG3,2011,-0.02834
TKNO4,2011,9.67725
VALE3,2011,7.17
GGBR4,2011,1.22104
BRKM5,2011,-0.658
EPAR3,2011,0.32
EVEN3,2011,1.0
SBSP3,2011,5.36974
PFRM3,2011,0.793
BAHI3,2011,-0.461449
MGLU3,2011,0.06687
HBOR3,2011,3.2773
BOBR4,2011,-0.35
VULC3,2011,0.0
PLAS3,2011,0.0
TOTS3,2011,1.07
EUCA4,2011,0.6323
ROMI3,2011,0.05
BMKS3,2011,52.0638
ODPV3,2011,0.8218
BPAN4,2011,0.95
PMAM3,2011,-0.14946
LEVE3,2011,4.41092
IGTI11,2011,0.8129
NEMO5,2011,0.14099
BBDC4,2011,3.01
BRIV4,2011,0.75263
FLRY3,2011,0.74
ITUB4,2011,3.06
USIM5,2011,0.25
CALI3,2011,-33.68
RSID3,2011,0.2955
CAMB3,2011,0.1819
ETER3,2011,1.09
MYPK3,2011,2.3553
AMAR3,2011,0.96175
DASA3,2011,0.46824
ITSA4,2011,1.1
REDE3,2011,-1.61
RADL3,2011,0.21599
PINE4,2011,2.19
RDNI3,2011,1.19774
VIVR3,2011,-0.4028
BEEF3,2011,0.4331
TEND3,2011,0.0
CYRE3,2011,1.20483
OIBR4,2011,1.71
INEP4,2011,0.0
POSI3,2011,-0.7887
TEKA4,2011,-5.0743
TXRX4,2011,0.0
PTBL3,2011,0.15
CLSC4,2011,8.39702
WEGE3,2011,0.95
DOHL3,2011,0.48
DOHL4,2011,0.48
MWET4,2011,-0.05
SHUL3,2011,0.7271
SHUL4,2011,0.79981
MTSA4,2011,1.819
FRTA3,2011,0.0
JOPA4,2011,1.9404
HBTS5,2011,0.7782
FRAS3,2011,0.0
MNDL3,2011,0.0
POMO4,2011,0.7707
RAPT4,2011,1.12
SLCE3,2011,0.0016
LUPA3,2011,-5.08551
KLBN11,2011,0.2123
GRND3,2011,1.02
MNPR3,2011,-0.0247
SANB11,2011,0.02041
RCSL4,2011,-0.8197
KEPL3,2011,0.0216
PNVL3,2011,8.18059
GOAU4,2011,1.87125
PATI4,2011,38.56812
BRSR5,2011,0.00244
LREN3,2011,2.7504
TASA4,2011,0.2826
RANI3,2011,1.1539
DXCO3,2011,0.682
BBAS11,2012,0.0
CEBR5,2012,6.04369
AMER3,2012,-1.0903
ENGI11,2012,0.2694
CIEL3,2012,3.54129
NEOE3,2012,0.22
GFSA3,2012,-0.288
BRFS3,2012,0.93524
OPTS3,2012,3e-05
PSSA3,2012,2.09434
EMAE4,2012,-3.51731
TGMA3,2012,1.26
PDTC3,2012,-0.1647
RAIL3,2012,0.3474
CPFE3,2012,1.27
EGIE3,2012,2.29788
VIVT3,2012,3.71851
STBP3,2012,0.4073
COGN3,2012,0.86
CCRO3,2012,0.66033
SHOW3,2012,-0.0825
JBSS3,2012,0.24784
HYPE3,2012,0.3259
PDGR3,2012,-1.7689
TRPL4,2012,5.52522
EQTL3,2012,0.7105
LIGT3,2012,2.07873
BRAP4,2012,1.40876
MRFG3,2012,-0.6359
ATMP3,2012,0.6921
ECOR3,2012,0.76
ENEV3,2012,-0.75263
FRIO3,2012,0.31438
SEER3,2012,0.59765
MDIA3,2012,4.14754
EMBR3,2012,0.9624
SGPS3,2012,-0.046
MULT3,2012,2.1762
FIEI3,2012,-0.53
TAEE11,2012,0.65628
TCSA3,2012,-0.93658
LPSB3,2012,2.08171
IGSN3,2012,-0.23
JHSF3,2012,0.0
EZTC3,2012,2.29
MRVE3,2012,1.1036
GUAR3,2012,5.57923
GPAR3,2012,-24.328
NEXP3,2012,0.43214
SYNE3,2012,1.825
YDUQ3,2012,0.00133
TRIS3,2012,0.3333
LOGG3,2012,0.0639
OSXB3,2012,-9e-05
ANIM3,2012,14.92
TECN3,2012,0.0
B3SA3,2012,0.55651
PRIO3,2012,0.046
CVCB3,2012,460.0
ENAT3,2012,0.31
APER3,2012,1.2
QUAL3,2012,0.10296
MDNE3,2012,0.32
HBSA3,2012,0.0895
SNSY3,2012,-2.83
SNSY5,2012,-2.83
CRPG5,2012,0.024
FESA4,2012,0.9963
SUZB3,2012,-0.23647
ARZZ3,2012,1.09398
DIRR3,2012,1.46
RENT3,2012,1.21552
CMIG4,2012,5.37
RPAD5,2012,0.65101
BMEB4,2012,3.0776
BRGE11,2012,0.90253
CEDO4,2012,1.3
CSMG3,2012,4.04
MEAL3,2012,0.40189
CTSA3,2012,0.8123
CTSA4,2012,0.8935
CTNM4,2012,-0.8813
BEES4,2012,0.05
SCAR3,2012,3.8567
BPAC11,2012,0.84
PETR4,2012,1.62
JFEN3,2012,0.3089
BHIA3,2012,0.99836
CSNA3,2012,-0.28815
MOAR3,2012,15.28324
VLID3,2012,1.8527
UGPA3,2012,1.8933
SOND5,2012,33004.0
RPMG3,2012,-0.470252
TKNO4,2012,7.79053
VALE3,2012,1.91
GGBR4,2012,0.84
UNIP5,2012,0.04851
BRKM5,2012,-1.2975
LOGN3,2012,-0.29
EPAR3,2012,-0.68426
EVEN3,2012,1.16
SBSP3,2012,8.39156
PFRM3,2012,1.248
BAHI3,2012,-0.34154
MGLU3,2012,0.03617
HBOR3,2012,1.39339
BOBR4,2012,-0.44
VULC3,2012,-1.1
NUTR3,2012,0.62
PLAS3,2012,0.0
JSLG3,2012,0.36
TOTS3,2012,1.29
EUCA4,2012,0.98
ROMI3,2012,-0.52
BMKS3,2012,23.0809
ODPV3,2012,0.27453
BPAN4,2012,0.0
PMAM3,2012,0.6469
LEVE3,2012,1.39643
IGTI11,2012,0.0775
NEMO5,2012,-0.35339
BBDC4,2012,3.12
BRIV4,2012,0.94107
FLRY3,2012,0.68
ITUB4,2012,2.8
USIM5,2012,-0.68
CALI3,2012,8.15
MGEL4,2012,-0.01336
RSID3,2012,-0.7442
CAMB3,2012,-0.3333
ETER3,2012,1.26
MYPK3,2012,0.70697
APTI4,2012,107.12
AMAR3,2012,1.2412
DASA3,2012,0.27275
ITSA4,2012,0.94
REDE3,2012,2.69369
RADL3,2012,0.31737
PINE4,2012,1.81
RDNI3,2012,1.7586
VIVR3,2012,-1.5581
BEEF3,2012,-1.3569
TEND3,2012,-0.1941
CYRE3,2012,1.60189
OIBR4,2012,1.09
INEP4,2012,0.0
POSI3,2012,0.3506
TEKA4,2012,2.02043
TXRX4,2012,0.0
PTBL3,2012,0.41
CLSC4,2012,-6.9528
WEGE3,2012,1.06
DOHL3,2012,0.42
DOHL4,2012,0.42
MWET4,2012,-0.75
SHUL3,2012,0.680783
SHUL4,2012,0.748861
MTSA4,2012,2.28743
FRTA3,2012,150000.0
JOPA4,2012,3.48706
HBTS5,2012,0.0412
FRAS3,2012,0.24
MNDL3,2012,0.0
POMO4,2012,0.6762
RAPT4,2012,0.18
SLCE3,2012,0.38749
LUPA3,2012,-9.75275
KLBN11,2012,0.876
GRND3,2012,1.43
MNPR3,2012,-0.3256
SANB11,2012,0.01439
RCSL4,2012,-0.9506
KEPL3,2012,1.1948
LUXM4,2012,2.56
PNVL3,2012,10.32231
GOAU4,2012,1.12
PATI4,2012,1.58205
BRSR5,2012,0.00219
LREN3,2012,2.8739
TASA4,2012,-0.82885
RANI3,2012,0.1368
DXCO3,2012,0.8375
CEBR5,2013,-10.4128
AMER3,2013,-1.0158
ENGI11,2013,0.0
CIEL3,2013,3.41071
NEOE3,2013,0.15
GFSA3,2013,2.0348
BRFS3,2013,1.2255
PSSA3,2013,4.32212
EMAE4,2013,1.7513
TGMA3,2013,0.75
PDTC3,2013,-0.0819
RAIL3,2013,0.3126
CPFE3,2013,0.0
EGIE3,2013,2.20109
VIVT3,2013,0.0
STBP3,2013,0.38357
COGN3,2013,1.92
CCRO3,2013,0.76518
SHOW3,2013,0.1908
JBSS3,2013,0.32332
HYPE3,2013,0.41
PDGR3,2013,-0.20479
TRPL4,2013,0.2091
EQTL3,2013,0.3459
LIGT3,2013,2.88002
BRAP4,2013,-0.14098
MRFG3,2013,-1.7559
ATMP3,2013,0.4326
ECOR3,2013,0.71145
ENEV3,2013,-3.52556
BIOM3,2013,-0.56
FRIO3,2013,-0.573
SEER3,2013,1.05118
MDIA3,2013,4.62217
ABEV3,2013,0.74
EMBR3,2013,1.06679
SGPS3,2013,-0.2653
MULT3,2013,1.5313
FIEI3,2013,-0.65
TAEE11,2013,0.86391
TCSA3,2013,0.0
LPSB3,2013,1.36901
IGSN3,2013,0.33
JHSF3,2013,0.0
EZTC3,2013,3.99
MRVE3,2013,0.89082
GUAR3,2013,6.41917
GPAR3,2013,0.438
NEXP3,2013,0.42222
SYNE3,2013,1.794
YDUQ3,2013,0.00083
TRIS3,2013,0.3763
LOGG3,2013,0.20119
OSXB3,2013,-0.7539
ANIM3,2013,0.0
TECN3,2013,0.4021
B3SA3,2013,0.563638
PRIO3,2013,-7.534
CVCB3,2013,0.0
ENAT3,2013,0.74
APER3,2013,1.09
QUAL3,2013,-0.12032
MDNE3,2013,0.29
HBSA3,2013,0.0941
SNSY3,2013,-3.47
SNSY5,2013,-3.47
CRPG5,2013,0.0007
FESA4,2013,0.858
SUZB3,2013,-0.19055
ARZZ3,2013,1.25486
DIRR3,2013,1.48
RENT3,2013,1.90288
CMIG4,2013,2.47
BMEB4,2013,1.7691
BRGE11,2013,0.75086
CEDO4,2013,1.3
CSMG3,2013,3.52
MEAL3,2013,0.38295
BBSE3,2013,1.23688
CTSA3,2013,0.8974
CTSA4,2013,0.9872
CTNM4,2013,-0.1625
BEES4,2013,0.07
SCAR3,2013,4.3606
BPAC11,2013,0.95
PETR4,2013,1.81
JFEN3,2013,0.33205
BHIA3,2013,0.89835
CSNA3,2013,0.34913
MOAR3,2013,8.76271
VLID3,2013,0.0
UGPA3,2013,2.2938
SOND5,2013,4178.0
RPMG3,2013,-0.59274
TKNO4,2013,7.64535
VALE3,2013,0.02
GGBR4,2013,0.93
BRKM5,2013,0.6403
LOGN3,2013,0.08
EPAR3,2013,0.55047
EVEN3,2013,1.21
PFRM3,2013,0.0
BAHI3,2013,0.447774
MGLU3,2013,0.61
HBOR3,2013,1.267
BOBR4,2013,-2.849
VULC3,2013,-0.2689
NUTR3,2013,-0.14
PLAS3,2013,0.0
JSLG3,2013,0.0
TOTS3,2013,1.37
EUCA4,2013,0.99
ROMI3,2013,0.02
BMKS3,2013,17.18138
ODPV3,2013,0.35469
PMAM3,2013,0.0185
LEVE3,2013,1.57029
IGTI11,2013,0.0124
NEMO5,2013,-0.40136
BBDC4,2013,3.09
BRIV4,2013,1.06773
FLRY3,2013,0.39
ITUB4,2013,3.31
USIM5,2013,-0.14
CALI3,2013,50.4
MGEL4,2013,-0.01231
RSID3,2013,0.0981
CAMB3,2013,0.00086
ETER3,2013,1.14
MYPK3,2013,1.80037
APTI4,2013,59.009355
AMAR3,2013,0.4609
DASA3,2013,0.42358
ITSA4,2013,1.05
REDE3,2013,0.0
RADL3,2013,0.30566
PINE4,2013,1.19166
RDNI3,2013,2.09827
VIVR3,2013,-0.8394
BEEF3,2013,-2.16447
TEND3,2013,-0.1436
CYRE3,2013,0.0
OIBR4,2013,0.91
INEP4,2013,0.0
POSI3,2013,0.1811
TEKA4,2013,-3.07807
TXRX4,2013,-0.464
PTBL3,2013,0.57
CLSC4,2013,5.3518
WEGE3,2013,1.36
DOHL3,2013,0.79
DOHL4,2013,0.79
MWET4,2013,0.23
SHUL3,2013,0.91145
SHUL4,2013,1.0026
MTSA4,2013,2.44063
FRTA3,2013,1500000.0
JOPA4,2013,1.99326
HBTS5,2013,1.3303
FRAS3,2013,0.4
MNDL3,2013,0.0
POMO4,2013,0.3272
RAPT4,2013,0.98
SLCE3,2013,0.97108
LUPA3,2013,-2.40581
KLBN11,2013,0.3379
GRND3,2013,1.4421
MNPR3,2013,-0.0802
SANB11,2013,0.79187
UCAS3,2013,0.20744
RCSL4,2013,-0.6649
KEPL3,2013,2.3715
LUXM4,2013,2.43
PNVL3,2013,12.298411
GOAU4,2013,1.24
PATI4,2013,5.149261928
BRSR5,2013,0.00196
LREN3,2013,3.2547
TASA4,2013,-0.56791
RANI3,2013,0.4201
DXCO3,2013,0.8809
ELET5,2014,-2.24085
CEBR5,2014,-11.5547
TELB4,2014,-5.58767
AMER3,2014,-0.7636
ENGI11,2014,0.0
CIEL3,2014,2.34925
NEOE3,2014,0.84
GFSA3,2014,-0.1059
BRFS3,2014,2.55612
PSSA3,2014,2.7102
EMAE4,2014,-0.76279
TGMA3,2014,-0.35
PDTC3,2014,-0.0987
RAIL3,2014,-2.7656
CPFE3,2014,0.0
EGIE3,2014,2.11891
STBP3,2014,0.13874
COGN3,2014,0.74
CCRO3,2014,0.76396
SHOW3,2014,-1.0326
JBSS3,2014,0.70649
HYPE3,2014,0.6375
PDGR3,2014,-0.39995
TRPL4,2014,2.44131
EQTL3,2014,3.2137
LIGT3,2014,3.25022
BRAP4,2014,0.29988
MRFG3,2014,-1.4212
ATMP3,2014,0.28331
ECOR3,2014,0.84709
ENEV3,2014,-4.99687
BIOM3,2014,-0.41
FRIO3,2014,-1.704
SEER3,2014,1.708
MDIA3,2014,5.28217
ABEV3,2014,0.77
EMBR3,2014,1.08506
SGPS3,2014,-0.142
MULT3,2014,1.9582
FIEI3,2014,-0.74
TAEE11,2014,0.87552
TCSA3,2014,0.0
LPSB3,2014,0.03157
IGSN3,2014,0.2992
JHSF3,2014,0.0
EZTC3,2014,3.23
MRVE3,2014,1.57026
GUAR3,2014,7.32769
GPAR3,2014,-18.705
NEXP3,2014,0.13763
SYNE3,2014,1.18
YDUQ3,2014,0.00139
TRIS3,2014,0.25659
LOGG3,2014,1.58572
OSXB3,2014,-1.28
ANIM3,2014,1.92
TECN3,2014,0.5893
B3SA3,2014,0.53176
PRIO3,2014,-33.7185
CVCB3,2014,0.0
ENAT3,2014,0.64
APER3,2014,0.11
QUAL3,2014,0.45436
MDNE3,2014,0.18
HBSA3,2014,0.0313
SNSY3,2014,-5.43
SNSY5,2014,-5.43
CRPG5,2014,-0.019
FESA4,2014,1.0828
SUZB3,2014,-0.2257
ARZZ3,2014,1.2706
DIRR3,2014,1.34
RENT3,2014,1.97204
CMIG4,2014,2.49
BMEB4,2014,-4.4198
BRGE11,2014,0.58713
CEDO4,2014,-0.96
CSMG3,2014,2.67
MEAL3,2014,0.11542
BBSE3,2014,1.72834
OFSA3,2014,1.05943
CTSA3,2014,0.0243
CTSA4,2014,0.0268
CTNM4,2014,-0.6239
BEES4,2014,0.09
SCAR3,2014,2.124
BPAC11,2014,0.78
PETR4,2014,-1.65
JFEN3,2014,-1.0434
BHIA3,2014,0.72671
CSNA3,2014,-0.07443
MOAR3,2014,15.0482
VLID3,2014,0.0
UGPA3,2014,2.2753
SOND5,2014,3166.5
RPMG3,2014,0.0
TKNO4,2014,1.606
VALE3,2014,0.1852
GGBR4,2014,0.82
BRQB3,2014,0.0069
BRKM5,2014,1.0857
LOGN3,2014,-0.98
EPAR3,2014,0.55301
EVEN3,2014,1.0934
PFRM3,2014,-1.412
MGLU3,2014,0.7
HBOR3,2014,0.8178
VSTE3,2014,-0.02442
BOBR4,2014,1.0636
VULC3,2014,-0.0983
NUTR3,2014,-0.47
PLAS3,2014,-0.30658
JSLG3,2014,0.0
TOTS3,2014,1.61
EUCA4,2014,0.45
ROMI3,2014,0.1
BMKS3,2014,25.5241
ODPV3,2014,0.36692
PMAM3,2014,0.38813
LEVE3,2014,1.6219
IGTI11,2014,0.0
NEMO5,2014,-0.34657
BBDC4,2014,3.82
BRIV4,2014,0.77447
FLRY3,2014,0.55
ITUB4,2014,3.94
USIM5,2014,0.14
CALI3,2014,22.41
MGEL4,2014,-0.00256
RSID3,2014,-7.2223
CAMB3,2014,0.36279
ETER3,2014,0.48
MYPK3,2014,0.71648
APTI4,2014,60.74278
AMAR3,2014,0.27533
DASA3,2014,0.26596
ITSA4,2014,1.3
REDE3,2014,0.0
PINE4,2014,0.79029
RDNI3,2014,1.54454
VIVR3,2014,-0.6961
BEEF3,2014,2.3496
TEND3,2014,-0.22375
CYRE3,2014,0.0
CPLE5,2014,4.62953
CPLE6,2014,4.62953
OIBR4,2014,-7.15
INEP4,2014,0.0
POSI3,2014,0.0
TEKA4,2014,-2.75564
TXRX4,2014,-0.791
PTBL3,2014,0.59
CLSC4,2014,13.8066
WEGE3,2014,1.18365
DOHL3,2014,0.7
DOHL4,2014,0.7
MWET4,2014,-2.0015
SHUL3,2014,0.80133
SHUL4,2014,0.88147
MTSA4,2014,2.17631
FRTA3,2014,7593.75
JOPA4,2014,2.71203
HBTS5,2014,0.0
FRAS3,2014,0.36
MNDL3,2014,0.0
POMO4,2014,0.25182
RAPT4,2014,0.66
SLCE3,2014,0.694
LUPA3,2014,-0.47563
KLBN11,2014,0.1389
GRND3,2014,1.6328
MNPR3,2014,-0.00303
SANB11,2014,0.78066
UCAS3,2014,-0.03644
RCSL4,2014,-0.18301
KEPL3,2014,5.0594
LUXM4,2014,2.3512
PNVL3,2014,10.824883
GOAU4,2014,0.5
PATI4,2014,0.95292
BRSR5,2014,0.00161
LREN3,2014,3.7327
TASA4,2014,-13.892
RANI3,2014,0.3443
DXCO3,2014,0.6023
ELET5,2015,-10.67665
CEBR5,2015,6.1575
TELB4,2015,-11.219
AMER3,2015,-1.632
ENGI11,2015,0.0
CIEL3,2015,1.867
NEOE3,2015,0.06
GFSA3,2015,0.203
BRFS3,2015,3.71836
PSSA3,2015,3.08804
EMAE4,2015,1.52638
TGMA3,2015,0.15
PDTC3,2015,-12.8085
RAIL3,2015,-1.7081
CPFE3,2015,0.0
EGIE3,2015,2.3
STBP3,2015,-0.02747
COGN3,2015,0.86
CCRO3,2015,0.49523
SHOW3,2015,0.3053
JBSS3,2015,1.6
HYPE3,2015,0.88564
PDGR3,2015,-68.92518
GEPA4,2015,1.93414
TRPL4,2015,3.12807
EQTL3,2015,4.0712
LIGT3,2015,0.19
BRAP4,2015,-7.65434
MRFG3,2015,-1.1261
ATMP3,2015,-0.66477
ECOR3,2015,0.19583
ENEV3,2015,0.00848
BIOM3,2015,0.27
FRIO3,2015,0.0
SEER3,2015,1.28813
GOLL4,2015,-14.764
MDIA3,2015,5.33679
ABEV3,2015,0.79
EMBR3,2015,0.33087
SGPS3,2015,0.4493
MULT3,2015,1.9245
FIEI3,2015,-0.77
TAEE11,2015,0.87995
TCSA3,2015,0.0
LPSB3,2015,-3.23921
IGSN3,2015,-1.0364
JHSF3,2015,0.0
EZTC3,2015,2.89
MRVE3,2015,1.23987
GUAR3,2015,5.34516
GPAR3,2015,-18.861
NEXP3,2015,-0.49232
SYNE3,2015,0.193
YDUQ3,2015,0.00153
TRIS3,2015,0.25792
LOGG3,2015,0.09927
OSXB3,2015,-3.13
ANIM3,2015,0.78
TECN3,2015,0.2846
B3SA3,2015,1.229001
PRIO3,2015,1.6746
CVCB3,2015,0.0
ENAT3,2015,0.36
APER3,2015,-22.62
QUAL3,2015,0.8286
MDNE3,2015,0.09
HBSA3,2015,-0.086
SNSY3,2015,-6.67
SNSY5,2015,-6.67
CRPG5,2015,-0.009
FESA4,2015,2.1016
SUZB3,2015,-0.79728
ARZZ3,2015,1.349
DIRR3,2015,0.83
RENT3,2015,1.92519
CMIG4,2015,1.96
BMEB4,2015,2.2492
BRGE11,2015,0.91784
CEDO4,2015,-9.31
CSMG3,2015,-0.1
MEAL3,2015,-0.82617
BBSE3,2015,2.10381
OFSA3,2015,1.28271
CTSA3,2015,-0.534
CTSA4,2015,-0.5874
MOVI3,2015,0.10741
CXSE3,2015,0.44571
CTNM4,2015,-2.5396
BEES4,2015,0.49
SCAR3,2015,2.9063
BPAC11,2015,0.27
PETR4,2015,-2.67
JFEN3,2015,-0.9326
BHIA3,2015,0.0
CSNA3,2015,1.19205
MOAR3,2015,7.87522
VLID3,2015,0.0
UGPA3,2015,2.7649
SOND5,2015,-4.33114
RPMG3,2015,0.0
TKNO4,2015,-2.995
VALE3,2015,-8.58
GGBR4,2015,-2.69
QUSW3,2015,13.6
BRQB3,2015,0.049
BRKM5,2015,3.9474
LOGN3,2015,-4.38
EPAR3,2015,25.6241
AALR3,2015,-0.139
EVEN3,2015,0.456
PFRM3,2015,-0.506
MGLU3,2015,-2.94
HBOR3,2015,0.2734
VSTE3,2015,0.05255
BOBR4,2015,-6.9722
VULC3,2015,-0.269502
NUTR3,2015,-177.78
PLAS3,2015,-39.91
JSLG3,2015,0.21999
TOTS3,2015,1.2
EUCA4,2015,0.17
ROMI3,2015,0.09
BMKS3,2015,23.52575
ODPV3,2015,0.41892
PMAM3,2015,0.42229
LEVE3,2015,1.56673
IGTI11,2015,-0.1312
NEMO5,2015,-1.42129
MSPA4,2015,-11.24
BBDC4,2015,3.78
BRIV4,2015,1009.05
FLRY3,2015,0.69
ITUB4,2015,4.3
USIM5,2015,-3.28
CALI3,2015,39.2
MGEL4,2015,-0.00828
RSID3,2015,-32.5346
CAMB3,2015,0.36278
ETER3,2015,0.16
MYPK3,2015,0.52185
APTI4,2015,0.0
AMAR3,2015,-0.18604
DASA3,2015,0.07788
ITSA4,2015,1.31
REDE3,2015,0.0
RADL3,2015,1.03145
AHEB5,2015,-2.6589
PINE4,2015,0.33636
RDNI3,2015,0.15885
VIVR3,2015,-0.77385
BEEF3,2015,-4.17051
TEND3,2015,0.0479
CYRE3,2015,0.0
CPLE5,2015,4.57807
CPLE6,2015,4.57807
OIBR4,2015,-6.76
INEP4,2015,-1.42188
TEKA4,2015,-259.26404
TXRX4,2015,-3.499
PTBL3,2015,0.33
CLSC4,2015,3.5165
WEGE3,2015,0.71669
DOHL3,2015,0.46
DOHL4,2015,0.46
MWET4,2015,-33.9057
SHUL3,2015,0.71288
SHUL4,2015,0.78417
MTSA4,2015,1.84061
FRTA3,2015,3.419
JOPA4,2015,3.10464
HBTS5,2015,0.6154
FRAS3,2015,0.43
MNDL3,2015,0.0
POMO4,2015,0.09998
RAPT4,2015,-0.08
SLCE3,2015,1.262
LUPA3,2015,-0.04342
KLBN11,2015,-0.2322
GRND3,2015,0.0
MNPR3,2015,-0.01562
SANB11,2015,1.36066
UCAS3,2015,0.1983
RCSL4,2015,-5.50043
KEPL3,2015,0.2371
LUXM4,2015,2.4408
PNVL3,2015,9.83315
GOAU4,2015,-4.82
PATI4,2015,0.67047
BRSR5,2015,2.3
LREN3,2015,0.9066
TASA4,2015,-6.27493
RANI3,2015,0.003
DXCO3,2015,0.2767
BSLI4,2016,4.17
ELET5,2016,2.53276
CEBR5,2016,7.95
TELB4,2016,-22.8709
AMER3,2016,-1.6617
ENGI11,2016,0.0
CIEL3,2016,1.77334
NEOE3,2016,0.39
GFSA3,2016,-43.2218
BRFS3,2016,-0.45808
PSSA3,2016,2.81895
EMAE4,2016,1.40357
TGMA3,2016,0.21
PDTC3,2016,6.421
RAIL3,2016,-0.448
CPFE3,2016,0.0
EGIE3,2016,2.372
STBP3,2016,-0.03017
COGN3,2016,1.15
CCRO3,2016,0.9707
SHOW3,2016,0.381
JBSS3,2016,0.14
HYPE3,2016,1.86004
PDGR3,2016,-107.9
GEPA4,2016,3.82322
TRPL4,2016,30.20956
EQTL3,2016,3.5848
LIGT3,2016,-1.53
BRAP4,2016,1.85965
MRFG3,2016,-1.3035
ATMP3,2016,-21.6098
ECOR3,2016,-1.73348
ENEV3,2016,-0.59779
BIOM3,2016,-1.48
FRIO3,2016,0.0
SEER3,2016,1.84601
GOLL4,2016,2.455
MDIA3,2016,6.94158
ABEV3,2016,0.8
SMFT3,2016,-1.6479
EMBR3,2016,0.79589
SGPS3,2016,-0.1496
MULT3,2016,1.6563
FIEI3,2016,-0.98
TAEE11,2016,0.83413
TCSA3,2016,0.0
LPSB3,2016,-0.30051
IGSN3,2016,-1.2164
JHSF3,2016,0.0
EZTC3,2016,1.43
MRVE3,2016,1.26274
GUAR3,2016,4.84663
GPAR3,2016,44.06
NEXP3,2016,-0.69093
SYNE3,2016,-0.178
YDUQ3,2016,1.16037
TRIS3,2016,0.03551
LOGG3,2016,0.81278
OSXB3,2016,0.4457
ANIM3,2016,0.26
TECN3,2016,0.025
AZUL4,2016,-0.55
B3SA3,2016,0.80936
PRIO3,2016,18.37744
CVCB3,2016,0.0
ENAT3,2016,0.0
APER3,2016,0.0
QUAL3,2016,1.46892
MDNE3,2016,-0.28
HBSA3,2016,-0.1395
ZAMP3,2016,-0.0007
SNSY3,2016,-730.40278
SNSY5,2016,-730.40278
CRPG5,2016,3.62
FESA4,2016,0.8515
SUZB3,2016,1.45534
ARZZ3,2016,1.3082
DIRR3,2016,-0.08
RENT3,2016,1.96574
CMIG4,2016,0.27
BMEB4,2016,0.3561
BRGE11,2016,0.87425
CEDO4,2016,-14.03
CSMG3,2016,3.56
MEAL3,2016,-0.4658
BBSE3,2016,2.01027
PRNR3,2016,0.06735
OFSA3,2016,-0.0965
CTSA3,2016,-0.0804
CTSA4,2016,-0.0804
MOVI3,2016,0.0544
CXSE3,2016,0.90799
CTNM4,2016,-4.5966
BEES4,2016,0.46
SCAR3,2016,1.356
BPAC11,2016,1.82
PETR4,2016,-1.14
JFEN3,2016,-1.4489
BHIA3,2016,0.0
CSNA3,2016,-0.68876
MOAR3,2016,17.33501
VLID3,2016,0.0
UGPA3,2016,2.8844
IRBR3,2016,2.74
SOND5,2016,-2.27913
RPMG3,2016,0.0
TKNO4,2016,-5.705
VALE3,2016,2.58
GGBR4,2016,-1.7
UNIP5,2016,3.5956
VBBR3,2016,-0.27
QUSW3,2016,5.46
BRQB3,2016,0.0
BRKM5,2016,0.55621
LOGN3,2016,1.1
EPAR3,2016,1.10271
AALR3,2016,0.146
EVEN3,2016,0.009
PFRM3,2016,-0.822
MGLU3,2016,3.98
HBOR3,2016,-0.3902
VSTE3,2016,0.18872
BOBR4,2016,1.09252
CSAN3,2016,2.73742
VULC3,2016,0.19271
NUTR3,2016,-114.98
PLAS3,2016,-50.67
JSLG3,2016,-0.9
TOTS3,2016,0.93
EUCA4,2016,0.54
ROMI3,2016,-0.63
BMKS3,2016,34.92789
ODPV3,2016,0.40844
PMAM3,2016,-1.16916
LEVE3,2016,0.1922
IGTI11,2016,0.226
NEMO5,2016,3.3088
MSPA4,2016,33.47
BBDC4,2016,3.39
BRIV4,2016,1.08932
FLRY3,2016,1.46
ITUB4,2016,3.57
USIM5,2016,-0.6
CALI3,2016,11.3
MGEL4,2016,0.008
RSID3,2016,-29.9873
CAMB3,2016,0.0
ETER3,2016,-0.2106
MYPK3,2016,0.22769
APTI4,2016,0.0
AMAR3,2016,-0.43122
DASA3,2016,0.30623
ITSA4,2016,1.11
REDE3,2016,0.0
RADL3,2016,1.36846
PINE4,2016,-0.23532
RDNI3,2016,-1.79492
VIVR3,2016,-98.98515
BEEF3,2016,0.82736
TEND3,2016,1.04909
CYRE3,2016,0.0
CRFB3,2016,0.66
CPLE5,2016,3.68045
CPLE6,2016,3.68045
OIBR4,2016,-10.28
INEP4,2016,-4.40473
TEKA4,2016,-266.22413
TXRX4,2016,-19.98434
PTBL3,2016,0.01341
CLSC4,2016,-0.2642
WEGE3,2016,0.69278
DOHL3,2016,0.26
DOHL4,2016,0.26
MWET4,2016,-10.2153
SHUL3,2016,0.45425
SHUL4,2016,0.49968
MTSA4,2016,1.55714
FRTA3,2016,1.53
JOPA4,2016,3.18736
HBTS5,2016,-0.4984
FRAS3,2016,0.34
MNDL3,2016,-16.6422
POMO4,2016,0.2481
RAPT4,2016,-0.21
SLCE3,2016,0.30842
LUPA3,2016,0.78456
KLBN11,2016,0.4722
GRND3,2016,0.0
MNPR3,2016,-1.87762
SANB11,2016,1.02292
UCAS3,2016,-0.36716
RCSL4,2016,-0.78257
KEPL3,2016,-0.8408
LUXM4,2016,2.5956
PNVL3,2016,11.53
GOAU4,2016,-1.51
PATI4,2016,0.84743
BRSR5,2016,1.9
LREN3,2016,0.9742
TASA4,2016,-1.76784
RANI3,2016,-0.0656
DXCO3,2016,0.0346
BSLI4,2017,0.0
ELET5,2017,-1.3
CEBR5,2017,10.9325
ATOM3,2017,0.19451
AMER3,2017,-1.0052
ENGI11,2017,0.0
CIEL3,2017,1.49507
NEOE3,2017,0.48
BBML3,2017,0.2
GFSA3,2017,-31.6036
BRFS3,2017,-1.36748
PSSA3,2017,3.39704
EMAE4,2017,3.04166
TGMA3,2017,1.57
PDTC3,2017,1.1525
RAIL3,2017,-0.18782
CPFE3,2017,1.16
EGIE3,2017,3.07098
STBP3,2017,-0.00805
COGN3,2017,1.16
CCRO3,2017,0.9045
SHOW3,2017,0.6574
JBSS3,2017,0.19
HYPE3,2017,1.53041
PDGR3,2017,3.52132
GEPA4,2017,2.58257
TRPL4,2017,8.28985
EQTL3,2017,5.0179
LIGT3,2017,0.61
BRAP4,2017,6.88035
MRFG3,2017,-0.8158
ATMP3,2017,-93.8389
ECOR3,2017,0.70532
ENEV3,2017,0.37098
BIOM3,2017,-1.14
FRIO3,2017,0.0
SEER3,2017,1.55217
GOLL4,2017,0.055
MDIA3,2017,2.49022
ABEV3,2017,0.47
SMFT3,2017,-1.0157
EMBR3,2017,1.08379
SGPS3,2017,0.4209
MULT3,2017,1.87
FIEI3,2017,0.0
TAEE11,2017,0.62727
TCSA3,2017,0.0
LPSB3,2017,-0.50636
IGSN3,2017,0.305
JHSF3,2017,-0.0431
EZTC3,2017,2.17
MRVE3,2017,1.479845267
GUAR3,2017,8.70462
GPAR3,2017,3.807
PTCA3,2017,2.25
NEXP3,2017,0.42819
SYNE3,2017,1.4588
YDUQ3,2017,1.37464
TRIS3,2017,0.47907
LOGG3,2017,0.65415
OSXB3,2017,-159.43
ANIM3,2017,0.0
TECN3,2017,0.0248
AZUL4,2017,1.68
B3SA3,2017,0.65496
PRIO3,2017,2.446
CVCB3,2017,1.65
ENAT3,2017,0.0
APER3,2017,0.0
QUAL3,2017,1.28489
MDNE3,2017,0.0
HBSA3,2017,0.0
ZAMP3,2017,2e-05
SNSY3,2017,-848.22974
SNSY5,2017,-848.22974
FESA4,2017,3.27395
SUZB3,2017,1.64562
ARZZ3,2017,1.7286
DIRR3,2017,-0.97
RENT3,2017,0.76866
CMIG4,2017,0.84
BMEB4,2017,1.0409
BRGE11,2017,0.73151
CEDO4,2017,8.27
CSMG3,2017,4.42
MEAL3,2017,0.02263
BBSE3,2017,2.02807
PRNR3,2017,-0.0625
OFSA3,2017,0.70637
CTSA3,2017,0.5059
CTSA4,2017,0.5565
MOVI3,2017,0.3223
CXSE3,2017,1.08238
CTNM4,2017,1.6258
BEES4,2017,0.53
SCAR3,2017,2.118
BPAC11,2017,0.87
PETR4,2017,-0.03
JFEN3,2017,-1.4651
BHIA3,2017,0.0
CSNA3,2017,0.00757
MOAR3,2017,11.73034
VLID3,2017,0.0
UGPA3,2017,2.9056
IRBR3,2017,2.98
SOND5,2017,1.31832
RPMG3,2017,0.0
TKNO4,2017,-5.33
VALE3,2017,3.39
GGBR4,2017,-0.21
UNIP5,2017,3.875
VBBR3,2017,0.99
QUSW3,2017,-5.32
BRQB3,2017,0.0
BRKM5,2017,5.12137
LOGN3,2017,-30.24
EPAR3,2017,-0.67936
AALR3,2017,0.057
EVEN3,2017,-1.716
PFRM3,2017,-1.56
BAHI3,2017,-4.77
MGLU3,2017,2.203
HBOR3,2017,-0.8379
VSTE3,2017,8.15038
BOBR4,2017,2.11121
CSAN3,2017,3.19833
VULC3,2017,0.96217
NUTR3,2017,-74.1
PLAS3,2017,-14.48
JSLG3,2017,-0.0136
TOTS3,2017,0.5708
EUCA4,2017,0.47
ROMI3,2017,0.6
BMKS3,2017,17.6563
ODPV3,2017,0.94731
BLAU3,2017,0.69681081
PMAM3,2017,-0.3206
LEVE3,2017,1.8495
IGTI11,2017,0.0
NEMO5,2017,3.51749
MSPA4,2017,0.0
BBDC4,2017,2.94
BRIV4,2017,0.59193
FLRY3,2017,1.02
ITUB4,2017,3.68
USIM5,2017,0.2
CALI3,2017,12.38
MGEL4,2017,-0.00421
RSID3,2017,-19.757
CAMB3,2017,34.2119
ETER3,2017,0.0
MYPK3,2017,0.04973
APTI4,2017,0.0
AMAR3,2017,-0.297173742
BALM4,2017,0.047143
DASA3,2017,0.4311
ITSA4,2017,1.13
REDE3,2017,0.0
RADL3,2017,1.55047
PINE4,2017,-1.92507
RDNI3,2017,-2.2089
VIVR3,2017,-28.06139
BEEF3,2017,-1.2738
TEND3,2017,1.9756
CYRE3,2017,-0.25222
CRFB3,2017,0.86
CPLE5,2017,3.9683
CPLE6,2017,3.9683
OIBR4,2017,-9.42
INEP4,2017,-2.23552
TEKA4,2017,334.60663
TXRX4,2017,22.70736
PTBL3,2017,0.40467
CLSC4,2017,1.6561
WEGE3,2017,0.70789
DOHL3,2017,0.56
DOHL4,2017,0.56
MWET4,2017,3.1647
SHUL3,2017,0.59462
SHUL4,2017,0.65408
MTSA4,2017,1.52315
FRTA3,2017,1.6791
JOPA4,2017,1.98828
HBTS5,2017,0.0
FRAS3,2017,0.2986
MNDL3,2017,-31.92524
POMO4,2017,0.07841
RAPT4,2017,0.14
SLCE3,2017,3.71424
LUPA3,2017,-0.58411
KLBN11,2017,0.1013
GRND3,2017,0.0
MNPR3,2017,-3.5722
SANB11,2017,1.246770923
UCAS3,2017,-0.09619
RCSL4,2017,-7.26412
KEPL3,2017,-1.302
LUXM4,2017,0.7477
PNVL3,2017,13.0
GOAU4,2017,-0.21
PATI4,2017,0.98051
BRSR5,2017,2.88
LREN3,2017,1.0638
TASA4,2017,-4.42164
RANI3,2017,-0.6582
DXCO3,2017,0.2692
BSLI4,2018,8.46679
ELET5,2018,9.8
CEBR5,2018,5.943
ATOM3,2018,0.33872
AMER3,2018,-0.8738
ENGI11,2018,0.0
CIEL3,2018,1.23125
NEOE3,2018,1.28
BBML3,2018,0.18853
GFSA3,2018,-10.19579
BRFS3,2018,-5.48267
PSSA3,2018,4.05012
EMAE4,2018,2.59162
TGMA3,2018,1.64
LWSA3,2018,0.12
LMED3,2018,-0.746
PDTC3,2018,0.69153
RAIL3,2018,0.16955
CPFE3,2018,2.02
EGIE3,2018,2.83648
STBP3,2018,0.00449
COGN3,2018,0.86
CCRO3,2018,0.38749
SHOW3,2018,0.1246
JBSS3,2018,0.01
HYPE3,2018,1.78735
PDGR3,2018,-16.19455
GEPA4,2018,2.70997
TRPL4,2018,11.42337
EQTL3,2018,0.0
LIGT3,2018,0.81
BRAP4,2018,3.53339
MRFG3,2018,2.2466
ATMP3,2018,-29.0989
ECOR3,2018,0.67302
ENEV3,2018,2.81873
BIOM3,2018,-1.01
FRIO3,2018,0.0
SEER3,2018,1.48186
RDOR3,2018,1.3273
GOLL4,2018,-3.115
MDIA3,2018,2.13421
ABEV3,2018,0.7
SMFT3,2018,0.0
EMBR3,2018,-0.9114
SGPS3,2018,1.1579
MULT3,2018,0.7939
FIEI3,2018,0.0
TAEE11,2018,1.0365828727
MTRE3,2018,0.71
TCSA3,2018,0.0
LPSB3,2018,-0.37141
IGSN3,2018,0.1207
JHSF3,2018,0.37137
EZTC3,2018,0.59
MRVE3,2018,1.558781622
GUAR3,2018,18.85949
GPAR3,2018,1.907
PTCA3,2018,1.39
NEXP3,2018,-2.51265
MSRO3,2018,-0.67
SYNE3,2018,-0.00741
YDUQ3,2018,2.11358
TRIS3,2018,0.49238
LOGG3,2018,0.628919357
OSXB3,2018,0.0
ANIM3,2018,0.03
TECN3,2018,0.1859
AZUL4,2018,1.24
B3SA3,2018,1.021683
INNC3,2018,2.58
PRIO3,2018,16.8486
CVCB3,2018,1.87
ENAT3,2018,0.0
APER3,2018,0.0
QUAL3,2018,1.39192
MDNE3,2018,-7.41
HBSA3,2018,0.0
SBFG3,2018,0.97
ZAMP3,2018,0.5758
SNSY3,2018,-808.15925
SNSY5,2018,-808.15925
FESA4,2018,3.7465
SUZB3,2018,0.29112
ARZZ3,2018,1.5851
DIRR3,2018,-0.53
RENT3,2018,0.99689
CMIG4,2018,1.18
BMEB4,2018,1.0847
BRGE11,2018,0.75781
CEDO4,2018,4.86
CSMG3,2018,4.58
MEAL3,2018,0.04875
BBSE3,2018,1.77279
PRNR3,2018,0.07232
OFSA3,2018,1.276154751
CTSA3,2018,1.8209
CTSA4,2018,2.003
MOVI3,2018,0.7274
CXSE3,2018,1.23134
CTNM4,2018,0.9271
VAMO3,2018,0.33554
BEES4,2018,0.49
SCAR3,2018,2.793
BPAC11,2018,0.91
PETR4,2018,1.98
JFEN3,2018,-2.0651
CSNA3,2018,3.69498
MOAR3,2018,3.67131
VLID3,2018,1.4203
UGPA3,2018,2.1223
IRBR3,2018,3.93
SOND5,2018,2.96213
RPMG3,2018,-2.62
TKNO4,2018,0.244
VALE3,2018,0.0
GGBR4,2018,1.35
UNIP5,2018,6.2342
VBBR3,2018,2.74
QUSW3,2018,3.86
BRQB3,2018,0.0
BRKM5,2018,3.60334
LOGN3,2018,0.16
EPAR3,2018,-0.65089
AALR3,2018,0.339
EVEN3,2018,-0.737
CEAB3,2018,0.17
PFRM3,2018,-0.083
BAHI3,2018,-2.19
MGLU3,2018,3.162
HBOR3,2018,-0.7541
VSTE3,2018,2.00505
BOBR4,2018,1.42762
CSAN3,2018,4.1159
VULC3,2018,0.61895
NUTR3,2018,-21.24
PLAS3,2018,-51.76
JSLG3,2018,0.6494
TOTS3,2018,0.3644
EUCA4,2018,0.32444
ROMI3,2018,1.34
ODPV3,2018,0.53887
BLAU3,2018,0.83
PMAM3,2018,-0.46924
LEVE3,2018,2.2732
IGTI11,2018,0.0
NEMO5,2018,0.0
MSPA4,2018,0.0884
BBDC4,2018,2.36
BRIV4,2018,0.63458
FLRY3,2018,1.05
ITUB4,2018,2.56
USIM5,2018,0.62
CALI3,2018,6.72
MGEL4,2018,0.0
RSID3,2018,47.9389
CAMB3,2018,12.719633
ETER3,2018,0.0
MYPK3,2018,1.35499
APTI4,2018,0.0
BMGB4,2018,0.4329
AMAR3,2018,0.139108
BALM4,2018,0.2809
DASA3,2018,0.59428
ITSA4,2018,1.13
REDE3,2018,0.1942
RADL3,2018,1.52531
PINE4,2018,0.36324
RDNI3,2018,-0.6185
VIVR3,2018,-0.9771
BEEF3,2018,-3.38959
TEND3,2018,3.9025
CYRE3,2018,-0.33091
CRFB3,2018,0.84
CPLE5,2018,5.40201
CPLE6,2018,5.40201
OIBR4,2018,16.39
INEP4,2018,0.0
TEKA4,2018,-249.6507
EALT4,2018,0.5667
TXRX4,2018,-2.686
PTBL3,2018,0.8473
CLSC4,2018,4.4411
WEGE3,2018,0.63815
DOHL3,2018,0.82
DOHL4,2018,0.82
MWET4,2018,-15.688
SHUL3,2018,0.74332
SHUL4,2018,0.81765
MTSA4,2018,1.89465
FRTA3,2018,0.6251
JOPA4,2018,2.50446
HBTS5,2018,-5957.6488
FRAS3,2018,0.435
MNDL3,2018,1.23534
POMO4,2018,0.2027
RAPT4,2018,0.44
SLCE3,2018,4.04945
LUPA3,2018,-6.33753
KLBN11,2018,0.0261
GRND3,2018,0.0
MNPR3,2018,-9.44029
SANB11,2018,1.764776002
UCAS3,2018,0.05136
RCSL4,2018,-2.56865
KEPL3,2018,0.3142
LUXM4,2018,1.1994
PNVL3,2018,16.33
GOAU4,2018,0.82
PATI4,2018,3.6013289
BRSR5,2018,2.37
LREN3,2018,1.41
TASA4,2018,-0.79963
RANI3,2018,0.0183
DXCO3,2018,0.626
BSLI4,2019,10.60868
ELET5,2019,8.53169
CEBR5,2019,7.9321
ATOM3,2019,0.10111
AMER3,2019,-0.6794
ENGI11,2019,0.0
CIEL3,2019,0.58385
NEOE3,2019,1.9026
BBML3,2019,0.3712
GFSA3,2019,-0.02
BRFS3,2019,0.36673
OPTS3,2019,-0.04244
PSSA3,2019,4.26859
EMAE4,2019,2.3649
TGMA3,2019,2.94
LWSA3,2019,0.2
LMED3,2019,7.168
PDTC3,2019,0.33279
RAIL3,2019,0.49914
CPFE3,2019,2.48
EGIE3,2019,2.83104
STBP3,2019,0.02309
COGN3,2019,0.0
CCRO3,2019,0.71201
SHOW3,2019,-1.05206
JBSS3,2019,2.28
HYPE3,2019,1.84391
PDGR3,2019,-111.58517
GEPA4,2019,2.60915
TRPL4,2019,3.31559
TPIS3,2019,-1.09446
EQTL3,2019,0.0
LIGT3,2019,5.41
BRAP4,2019,-1.19672
MRFG3,2019,0.3507
ATMP3,2019,-207.8334
ECOR3,2019,0.33327
ENEV3,2019,1.90521
BIOM3,2019,1.15
FRIO3,2019,5.3061
SEER3,2019,1.05943
RDOR3,2019,0.662
ASAI3,2019,4.06238
GOLL4,2019,-0.333
MDIA3,2019,1.64273
SIMH3,2019,1.28
ABEV3,2019,0.74901
SMFT3,2019,-18.6746
EMBR3,2019,-1.7895
SGPS3,2019,-2.9303
MULT3,2019,0.7909
FIEI3,2019,0.0
TAEE11,2019,0.969387691
MTRE3,2019,0.96
TCSA3,2019,0.0
LPSB3,2019,-0.03316
IGSN3,2019,0.2394
JHSF3,2019,0.601278384
EZTC3,2019,1.43
MRVE3,2019,1.56128
ALUP11,2019,1.01271
GUAR3,2019,1.1872
GPAR3,2019,2.194
PTCA3,2019,2.15
NEXP3,2019,-2.51199
CURY3,2019,2.25109059
SYNE3,2019,0.199
YDUQ3,2019,2.15056
TRIS3,2019,0.89656
CMIN3,2019,20.24433
LOGG3,2019,1.15151
OSXB3,2019,-180.63
OPCT3,2019,0.08
ANIM3,2019,-0.12
TECN3,2019,-1.5868
AZUL4,2019,-7.05
B3SA3,2019,1.326246
ELMD3,2019,0.1806
INNC3,2019,1.14919
SOMA3,2019,9.8
PRIO3,2019,6.301
CVCB3,2019,-0.03
ORVR3,2019,-3.24
ENAT3,2019,0.0
APER3,2019,0.33
QUAL3,2019,1.39982
MDNE3,2019,0.0
RRRP3,2019,-0.75
DMVF3,2019,-0.011
MELK3,2019,0.92
AERI3,2019,0.1456
AMBP3,2019,0.46
HBSA3,2019,0.0783
SBFG3,2019,1.59
ZAMP3,2019,0.2142006142
HBRE3,2019,0.99
SNSY3,2019,-958.76315
SNSY5,2019,-958.76315
FESA4,2019,2.68339
SUZB3,2019,-2.08825
ARZZ3,2019,1.7879
DIRR3,2019,0.68
RENT3,2019,1.11214
ENJU3,2019,0.0
CMIG4,2019,2.14
BMEB4,2019,2.1127
BRGE11,2019,0.71698
CEDO4,2019,-1.76
CSMG3,2019,5.97
MEAL3,2019,-0.09381
BBSE3,2019,3.33506
DOTZ3,2019,-13.29
PRNR3,2019,-0.3029
ALLD3,2019,1.2639
OFSA3,2019,0.85781
CTSA3,2019,0.269
CTSA4,2019,0.2959
MOVI3,2019,0.8211
CXSE3,2019,1.28005
CTNM4,2019,3.3573
VAMO3,2019,1.4797
GMAT3,2019,0.37
LAVV3,2019,0.41798
ESPA3,2019,5.7982
MILS3,2019,-0.23
BEES4,2019,0.68
SCAR3,2019,1.5343
MBLY3,2019,-0.01224
NTCO3,2019,0.1796
PETR4,2019,3.08
JFEN3,2019,-3.5567
CSNA3,2019,1.29632
MOAR3,2019,8.20888
VLID3,2019,0.77141
UGPA3,2019,0.3438
IRBR3,2019,1.3
SOND5,2019,1.86417
RPMG3,2019,-3.37
TKNO4,2019,3.183
VALE3,2019,0.0
GGBR4,2019,0.71
VIVA3,2019,1.15021
UNIP5,2019,1.9162
VBBR3,2019,1.9
QUSW3,2019,2.55
BRQB3,2019,0.0
BRKM5,2019,-3.51458
LOGN3,2019,0.27
EPAR3,2019,0.65067
AALR3,2019,0.35
EVEN3,2019,0.561
CEAB3,2019,3.6253
VITT3,2019,0.47
PFRM3,2019,0.0977
BAHI3,2019,-6.77
MGLU3,2019,0.569
HBOR3,2019,-0.157
VSTE3,2019,-3.0786
BOBR4,2019,-0.23167
CSAN3,2019,6.1534
VULC3,2019,0.58214
NUTR3,2019,269.2
PLAS3,2019,-58.0
JSLG3,2019,1.097
TOTS3,2019,1.16046
EUCA4,2019,0.73588
ROMI3,2019,2.06
ODPV3,2019,0.53711
BLAU3,2019,1.35
PMAM3,2019,-0.61603
LEVE3,2019,2.0188
ALPK3,2019,-0.2699
IGTI11,2019,0.0
NEMO5,2019,0.0
MSPA4,2019,-0.6898
BBDC4,2019,2.74
BRIV4,2019,0.8235
FLRY3,2019,0.99
ITUB4,2019,2780.0
USIM5,2019,0.18
CALI3,2019,66.29
MGEL4,2019,-1.157
RSID3,2019,-24.1741
CAMB3,2019,0.48147
ETER3,2019,0.0
MYPK3,2019,2.23135
APTI4,2019,0.0
BMGB4,2019,0.249
AMAR3,2019,-0.43104
BALM4,2019,0.42795
DASA3,2019,0.41348
ITSA4,2019,1.23
REDE3,2019,0.3457
RADL3,2019,0.0
PINE4,2019,0.78043
CSED3,2019,15.84
RDNI3,2019,0.03813
VIVR3,2019,-4.8
BEEF3,2019,0.04035
TEND3,2019,2.7278
CYRE3,2019,1.08172
CRFB3,2019,0.67
CPLE5,2019,9.11525
CPLE6,2019,9.11525
OIBR4,2019,-1.51
INEP4,2019,-59.8933
TEKA4,2019,-256.44185
EALT4,2019,0.7797
INTB3,2019,6.72535
TXRX4,2019,5.02313
PTBL3,2019,0.82
CLSC4,2019,7.6312
WEGE3,2019,0.76978
DOHL3,2019,0.53
DOHL4,2019,0.53
MWET4,2019,-19.0049
SHUL3,2019,1.0285
SHUL4,2019,1.13135
RSUL4,2019,31.35815
MTSA4,2019,2.09243
JOPA4,2019,1.10938
HBTS5,2019,-10472.179
FRAS3,2019,0.1719
MNDL3,2019,-4.1787
POMO4,2019,0.21343
RAPT4,2019,0.7233
SLCE3,2019,1.66838
LUPA3,2019,-10.64114
KLBN11,2019,0.1283
GRND3,2019,0.0
MNPR3,2019,-4.65205
SANB11,2019,2.30132
UCAS3,2019,0.27213
RCSL4,2019,0.04567
KEPL3,2019,1.4279
LUXM4,2019,2.4981
PNVL3,2019,16.8
GOAU4,2019,0.41
PATI4,2019,0.975659
BRSR5,2019,3.34
LREN3,2019,1.4276
TASA4,2019,0.5141
RANI3,2019,0.161
LJQQ3,2019,0.19
DXCO3,2019,0.5881
BSLI4,2020,10.6396
ELET5,2020,4.471157853
CEBR5,2020,36.9
ATOM3,2020,0.58998
AMER3,2020,-0.3949
ENGI11,2020,0.81
CIEL3,2020,-0.12817
NEOE3,2020,2.39
BBML3,2020,0.2183
GFSA3,2020,-0.425
SEQL3,2020,0.0
BRFS3,2020,1.70998
OPTS3,2020,-0.00687
PSSA3,2020,5.23999
FIQE3,2020,4.41
EMAE4,2020,5.0671
TGMA3,2020,1.12
LWSA3,2020,0.04
LMED3,2020,12.7164
PDTC3,2020,0.2194
RAIL3,2020,0.17857
TIMS3,2020,0.08
CPFE3,2020,3.07
EGIE3,2020,3.42811
STBP3,2020,-0.01909
COGN3,2020,0.0
CCRO3,2020,0.09457
SHOW3,2020,-1.61122
JBSS3,2020,1.73
HYPE3,2020,2.05123
PDGR3,2020,-56.36189
GEPA4,2020,7.43244
TRPL4,2020,5.10182
TPIS3,2020,1.07586
EQTL3,2020,0.0
LIGT3,2020,2.28
CLSA3,2020,1.6969
BRAP4,2020,4.35421
MRFG3,2020,4.7176
ATMP3,2020,-9.1527
ECOR3,2020,-0.75994
ENEV3,2020,3.19081
BIOM3,2020,0.0
FRIO3,2020,-37.0482
SEER3,2020,1.2821
LVTC3,2020,70587.0
RDOR3,2020,0.2205
ASAI3,2020,5.21642
GOLL4,2020,-16.831
MDIA3,2020,2.25323
SIMH3,2020,3.201
ABEV3,2020,0.72328
SMFT3,2020,0.0
EMBR3,2020,-4.91197
SGPS3,2020,-5.0789
MULT3,2020,1.6154
FIEI3,2020,0.0
TAEE11,2020,2.19
MTRE3,2020,0.49424
TCSA3,2020,-2.23926
LPSB3,2020,-0.03473
IGSN3,2020,-0.030719
DESK3,2020,0.53
JHSF3,2020,0.966240817
EZTC3,2020,1.79
MRVE3,2020,1.14884
ALUP11,2020,1.07164
GUAR3,2020,-0.0544
GPAR3,2020,2.136
PTCA3,2020,1.30623
NEXP3,2020,5.02029
CURY3,2020,0.9879
SYNE3,2020,0.331869267
YDUQ3,2020,0.32611
TRIS3,2020,0.91242
CMIN3,2020,22.26888
LOGG3,2020,1.37647
BMOB3,2020,0.002
OSXB3,2020,-276.97
OPCT3,2020,-0.18
KLAS3,2020,942.885
GGPS3,2020,50.02
ANIM3,2020,-0.39
TECN3,2020,-0.3643
AZUL4,2020,-31.67
B3SA3,2020,2.032616
ELMD3,2020,-0.7275
INNC3,2020,-0.51
SOMA3,2020,0.18
PRIO3,2020,3.308
CVCB3,2020,-7.46
ORVR3,2020,0.44
ENAT3,2020,0.0
APER3,2020,-0.06
QUAL3,2020,1.38057
MDNE3,2020,0.0
RRRP3,2020,17.02
DMVF3,2020,0.0
MELK3,2020,0.351
AERI3,2020,0.1477
AMBP3,2020,0.4
HBSA3,2020,0.1403
SBFG3,2020,-0.49
KRSA3,2020,0.88
ZAMP3,2020,-1.916070054
HBRE3,2020,-0.319992708
SNSY3,2020,-18.21666
SNSY5,2020,-18.21666
FESA4,2020,0.8465
SUZB3,2020,-7.9489
ARZZ3,2020,0.5302
DIRR3,2020,0.76
RENT3,2020,1.39381
AVLL3,2020,-13.68
ENJU3,2020,-0.54205
CMIG4,2020,1.89
CRIV4,2020,0.55919
BMEB4,2020,3.4818
BRGE11,2020,0.58735
CEDO4,2020,-4.15
CSMG3,2020,2.15
MEAL3,2020,-1.64984
BBSE3,2020,1.92863
DOTZ3,2020,-46.13
GRAO3,2020,21.07
PRNR3,2020,-0.05792
BRIT3,2020,0.0
ALLD3,2020,2.0847
OFSA3,2020,1.66305
AGXY3,2020,0.24
CTSA3,2020,-0.0317
CTSA4,2020,-0.0348
MOVI3,2020,0.3655
CXSE3,2020,0.5898
CTNM4,2020,-1.1571
VAMO3,2020,0.93507
PLPL3,2020,0.65
GMAT3,2020,0.15
COMR3,2020,0.1346
LAVV3,2020,0.65606
ESPA3,2020,0.3528
MILS3,2020,-0.02
BEES4,2020,0.7
SCAR3,2020,1.5444
TEGA3,2020,1.1072
MBLY3,2020,-0.11749
NTCO3,2020,-0.522
PETR4,2020,0.54
JFEN3,2020,-1.6031
CSNA3,2020,2.74926
MOAR3,2020,-0.76283
VLID3,2020,-2.89412
PORT3,2020,0.9181
UGPA3,2020,0.8218
IRBR3,2020,-1.58
SOND5,2020,8.96594
RPMG3,2020,-6.1
TKNO4,2020,4.342
VALE3,2020,0.0
GGBR4,2020,1.39
VIVA3,2020,0.62097
UNIP5,2020,3.9824
VBBR3,2020,3.3519
QUSW3,2020,11.69
BRQB3,2020,0.0
IFCM3,2020,-0.02958
BRKM5,2020,-8.40676
LOGN3,2020,0.13
EPAR3,2020,1.06978
AALR3,2020,-0.825
EVEN3,2020,0.071
CEAB3,2020,-0.5396
VITT3,2020,0.69
PFRM3,2020,0.427
BAHI3,2020,-20.62
MGLU3,2020,0.061
HBOR3,2020,0.067894075
VSTE3,2020,-29.12215
BOBR4,2020,0.13804
CSAN3,2020,2.2093
VULC3,2020,0.12854
NUTR3,2020,26.81
PLAS3,2020,-9.42
JSLG3,2020,0.8521
TOTS3,2020,0.51915
EUCA4,2020,1.61461
ROMI3,2020,2.69
ODPV3,2020,0.68104
BLAU3,2020,1.7184
PMAM3,2020,-21.16758
LEVE3,2020,0.9705
ALPK3,2020,-0.9431
IGTI11,2020,0.0
NEMO5,2020,-17.69269
MSPA4,2020,-1.0339
BBDC4,2020,1.8778
BRIV4,2020,0.89576
FLRY3,2020,0.81
ITUB4,2020,1.93
USIM5,2020,0.58
CALI3,2020,5.22
MGEL4,2020,5.5368
RSID3,2020,0.0
CAMB3,2020,0.523207
ETER3,2020,0.0
MYPK3,2020,-3.22754
APTI4,2020,5297.77237
BMGB4,2020,0.5334
AMAR3,2020,-1.65335
EUFA3,2020,0.95463
BALM4,2020,1.6766
CBAV3,2020,0.0
DASA3,2020,-0.30733
ITSA4,2020,0.83892
REDE3,2020,0.43
RADL3,2020,0.29374
PINE4,2020,-0.24
CSED3,2020,-4.56
RDNI3,2020,0.035045
VIVR3,2020,-2.69
BEEF3,2020,1.32685
TEND3,2020,2.0549
CYRE3,2020,4.578
CRFB3,2020,1.35
CPLE5,2020,1.80062
CPLE6,2020,1.80062
OIBR4,2020,-1.77
INEP4,2020,19.35827
POSI3,2020,1.4024
TEKA4,2020,-230.11398
EALT4,2020,1.1679
INTB3,2020,11.64572
TXRX4,2020,-4.204
PTBL3,2020,154529.0
CLSC4,2020,13.9581
WEGE3,2020,1.11592
DOHL3,2020,1.08
DOHL4,2020,1.19
MWET4,2020,12.086
SHUL3,2020,1.50135
SHUL4,2020,1.65149
RSUL4,2020,-10.3458
MTSA4,2020,6.77781
FRTA3,2020,1.0779
JOPA4,2020,3.30444
HBTS5,2020,148.9524
FRAS3,2020,0.8484
MNDL3,2020,-3.61406
POMO4,2020,0.11057
RAPT4,2020,1.9852
SLCE3,2020,2.60966
LUPA3,2020,0.89544
KLBN11,2020,-0.4537
GRND3,2020,0.4494
MNPR3,2020,2.33419
SANB11,2020,1.8848
UCAS3,2020,0.22444
RCSL4,2020,-0.0185
KEPL3,2020,2.5711
CGRA4,2020,3.52386
LUXM4,2020,1.6203
PNVL3,2020,0.37
GOAU4,2020,0.81
PATI4,2020,9.988867
BRSR5,2020,2184.0
LREN3,2020,1.3828
TASA4,2020,3.22846
RANI3,2020,0.3647
LJQQ3,2020,0.41164
DXCO3,2020,0.6575
ELET5,2021,3.88647
CEBR5,2021,16.66
AESO3,2021,0.23364
ATOM3,2021,0.29044
AMER3,2021,0.7256
ENGI11,2021,1.39
CIEL3,2021,-0.18645
NEOE3,2021,3.35
BBML3,2021,0.295
GFSA3,2021,0.275
SEQL3,2021,-0.13179
BRFS3,2021,0.51917
OPTS3,2021,-0.00561
PSSA3,2021,2.39783
FIQE3,2021,0.44
EMAE4,2021,3.82725
TGMA3,2021,1.64
LWSA3,2021,-0.03
LMED3,2021,39.8841
PDTC3,2021,0.3257
RAIL3,2021,0.08124
CPFE3,2021,4.12
EGIE3,2021,1.9165
STBP3,2021,0.31517
COGN3,2021,0.0
CCRO3,2021,0.34437
SHOW3,2021,-0.95073
JBSS3,2021,8.26
HYPE3,2021,2.10502
PDGR3,2021,-3.61525
GEPA4,2021,-0.09319
TRPL4,2021,4.58139
TPIS3,2021,0.06082
EQTL3,2021,0.0
LIGT3,2021,1.08
CLSA3,2021,-0.4413
BRAP4,2021,21.23037
MRFG3,2021,6.4194
ATMP3,2021,-5.1021
ECOR3,2021,0.5826
ENEV3,2021,0.9275
BIOM3,2021,-1.19
FRIO3,2021,-15.3508
SEER3,2021,0.40772
LVTC3,2021,1.3555
RDOR3,2021,0.7991
GOLL4,2021,-19.157
MDIA3,2021,1.48963
SIMH3,2021,1.02276
ABEV3,2021,0.80517
SMFT3,2021,-1.21
EMBR3,2021,-0.37404
SGPS3,2021,-3.0715
MULT3,2021,0.7646
FIEI3,2021,0.0
TAEE11,2021,2.14196
MTRE3,2021,0.22993
TCSA3,2021,-2.52165
LPSB3,2021,0.31059
IGSN3,2021,-0.00028
DESK3,2021,0.44
JHSF3,2021,1.45735
EZTC3,2021,1.89
MRVE3,2021,1.61346
ALUP11,2021,1.2687825072
GUAR3,2021,0.90771
GPAR3,2021,2.179
PTCA3,2021,5.3325
NEXP3,2021,1.68331
CURY3,2021,1.027
SYNE3,2021,8.4293011776
YDUQ3,2021,0.52423
TRIS3,2021,0.65233
CMIN3,2021,1.1468498574
LOGG3,2021,3.62339
BMOB3,2021,0.89
OSXB3,2021,39.03
OPCT3,2021,-0.25
KLAS3,2021,775.0
GGPS3,2021,0.62
ANIM3,2021,0.24
TECN3,2021,0.3593
AZUL4,2021,-12.19
B3SA3,2021,0.77556
ELMD3,2021,-0.0998
INNC3,2021,0.18
SOMA3,2021,0.62
PRIO3,2021,1.615
BRBI11,2021,0.53
CVCB3,2021,-2.306544708
ORVR3,2021,-0.78
ENAT3,2021,0.0
APER3,2021,0.32
QUAL3,2021,1.31704
MDNE3,2021,0.0
RRRP3,2021,-0.01
DMVF3,2021,0.039
MELK3,2021,0.407
VVEO3,2021,1.51
AERI3,2021,0.0903
AMBP3,2021,1.28
HBSA3,2021,0.446
SBFG3,2021,2.05005
KRSA3,2021,-0.11
SAEN3,2021,1.9
ZAMP3,2021,-0.99893
HBRE3,2021,1.5133689517
SNSY3,2021,-14.83827
SNSY5,2021,-14.83827
FESA4,2021,7.79965
SUZB3,2021,6.3936
ARZZ3,2021,3.4514
DIRR3,2021,1.1
RENT3,2021,2.71758
AVLL3,2021,-16.82
ENJU3,2021,-0.60299
CMIG4,2021,2.22
CRIV4,2021,0.793662694
BMEB4,2021,1.9037
BRGE11,2021,0.30641
CEDO4,2021,0.15
CSMG3,2021,1.42
MEAL3,2021,-285444400.0
BBSE3,2021,1.96988
DOTZ3,2021,-0.62
PETZ3,2021,0.18961
GRAO3,2021,0.1
PRNR3,2021,0.37325
BRIT3,2021,0.0
ALLD3,2021,3.0919
OFSA3,2021,2.11377
AGXY3,2021,0.77
CTSA3,2021,0.2285
CTSA4,2021,0.2514
MOVI3,2021,2.5173
PASS5,2021,2.63141
CXSE3,2021,0.632
CTNM4,2021,0.0
VAMO3,2021,0.40974
PLPL3,2021,0.66
GMAT3,2021,0.16
COMR3,2021,-2.5695
TRAD3,2021,0.00494
LAVV3,2021,0.8374
ESPA3,2021,0.7634
MILS3,2021,0.49
AURE3,2021,0.157
SCAR3,2021,0.6092
TEGA3,2021,0.3983
MBLY3,2021,-0.67017
NTCO3,2021,0.761
PETR4,2021,8.18
JFEN3,2021,1.7957
CSNA3,2021,8.90654
MOAR3,2021,48.27133
VLID3,2021,0.76339
PORT3,2021,2.9517
UGPA3,2021,0.7799
IRBR3,2021,-0.54
SOND5,2021,5.8613438582
RPMG3,2021,-5.34
TKNO4,2021,22.413
VALE3,2021,0.0
GGBR4,2021,9.09
VIVA3,2021,1.26373
UNIP5,2021,21.7146
VBBR3,2021,2.1625
QUSW3,2021,12.43
BRQB3,2021,0.0
IFCM3,2021,-0.1404
HMOB3,2021,-0.00013
BRKM5,2021,17.57488
LOGN3,2021,0.93
EPAR3,2021,4.9727
SRNA3,2021,19.5776
AALR3,2021,-0.048
EVEN3,2021,1123.0
CEAB3,2021,1.0681
VITT3,2021,0.82
PFRM3,2021,0.638
BAHI3,2021,0.0
MGLU3,2021,0.089
HBOR3,2021,0.76092
VSTE3,2021,-11.68197
BOBR4,2021,0.23114449
CSAN3,2021,3.3378
VULC3,2021,1.277
NUTR3,2021,52.3
PLAS3,2021,-9.84
JSLG3,2021,1.2695
TOTS3,2021,0.63561
EUCA4,2021,4.78974
ROMI3,2021,2.78
ODPV3,2021,0.72217
BLAU3,2021,1.89
TFCO4,2021,0.4923
PMAM3,2021,-19.68126
LEVE3,2021,4.4179
ALPK3,2021,-0.8641
IGTI11,2021,0.0
NEMO5,2021,14.14407
MSPA4,2021,-0.61304
BBDC4,2021,2.5
BRIV4,2021,0.8829482167
FLRY3,2021,1.10444
ITUB4,2021,2.74
USIM5,2021,7.78
CALI3,2021,20.07
MGEL4,2021,26.6885
RSID3,2021,-11.8129
CAMB3,2021,0.65268
ETER3,2021,4.3612
MYPK3,2021,3.52577
APTI4,2021,0.0
BMGB4,2021,0.2909
AMAR3,2021,-2.744e+16
EUFA3,2021,1.1151
BALM4,2021,1.03388
CBAV3,2021,0.0
DASA3,2021,-0.3871
ITSA4,2021,1.38201
REDE3,2021,0.72
RADL3,2021,0.45592
CSED3,2021,0.23
RDNI3,2021,0.20058
VIVR3,2021,-0.48
BEEF3,2021,1.0261
TEND3,2021,-1.9892
CYRE3,2021,2.37801
CRFB3,2021,1.58
CPLE5,2021,1.86252
CPLE6,2021,1.86252
OIBR4,2021,-1.43
INEP4,2021,8184.0
POSI3,2021,1.4287
TEKA4,2021,-159.23125
EALT4,2021,1.6801
INTB3,2021,1.11243
TXRX4,2021,-5.11586
PTBL3,2021,1.46436
CLSC4,2021,15.1533
WEGE3,2021,0.85459
MWET4,2021,63.0836
SHUL3,2021,1.02008
SHUL4,2021,1.12209
RSUL4,2021,160.9117
MTSA4,2021,6.32655
FRTA3,2021,0.1402
JOPA4,2021,3.19179
HBTS5,2021,19.3081
FRAS3,2021,0.9844
MNDL3,2021,-230.95205
POMO4,2021,0.39009
RAPT4,2021,2.1191
SLCE3,2021,5.10395
LUPA3,2021,-1.4248653426
KLBN11,2021,0.5499
GRND3,2021,0.6663
MNPR3,2021,4.7619
UCAS3,2021,0.39249
RCSL4,2021,-0.02156
KEPL3,2021,5.54
CGRA4,2021,8.9186
LUXM4,2021,2.7691
PNVL3,2021,0.53
GOAU4,2021,4.68
PATI4,2021,12.25735676
BRSR5,2021,2.84
LREN3,2021,0.6647
TASA4,2021,6.48158
RANI3,2021,1.1342
LJQQ3,2021,0.36428
DXCO3,2021,2.4903
ELET5,2022,2.00259
CEBR5,2022,2.62
AESO3,2022,0.05437
ATOM3,2022,0.45805
AMER3,2022,-14.3973
ENGI11,2022,1.12
CIEL3,2022,0.52201
NEOE3,2022,3.89
BBML3,2022,-1.7443
GFSA3,2022,-2.222
SEQL3,2022,-0.76331
BRFS3,2022,-3.00816
PEAB4,2022,0.0
OPTS3,2022,0.00267
PSSA3,2022,1.78881
FIQE3,2022,0.37
EMAE4,2022,1.73635
TGMA3,2022,2.42
LWSA3,2022,0.05
LMED3,2022,-5.4474
PDTC3,2022,0.1243
RAIL3,2022,0.278
TIMS3,2022,0.7
CPFE3,2022,4.43
EGIE3,2022,3.26387
STBP3,2022,0.4975
COGN3,2022,0.0
CCRO3,2022,2.04608
SHOW3,2022,-0.16414
JBSS3,2022,6.93
HYPE3,2022,2.68644
PDGR3,2022,-0.75247
GEPA4,2022,2.57564
TRPL4,2022,3.43345
TPIS3,2022,0.04831
EQTL3,2022,0.0
LIGT3,2022,-15.46
CLSA3,2022,-0.1972
BRAP4,2022,9.79544
MRFG3,2022,6.4022
ATMP3,2022,-17.0436
ECOR3,2022,0.3532
ENEV3,2022,0.26933
BIOM3,2022,-1.26
FRIO3,2022,-50.8299
SEER3,2022,-1.72789
LVTC3,2022,0.3602
RDOR3,2022,0.5301
GOLL4,2022,-3.822
MDIA3,2022,1.42135
SIMH3,2022,0.5835
ABEV3,2022,0.91844
SMFT3,2022,-0.15
EMBR3,2022,-1.29814
SGPS3,2022,-12.6157
MULT3,2022,1.3106
FIEI3,2022,0.0
TAEE11,2022,1.40224
MTRE3,2022,0.32928
TCSA3,2022,0.03124
LPSB3,2022,0.08712
IGSN3,2022,-1.18616
DESK3,2022,0.23
JHSF3,2022,0.9345
EZTC3,2022,1.48
MRVE3,2022,-0.36556
ALUP11,2022,1.0447664959
GUAR3,2022,0.10413
GPAR3,2022,0.0
PTCA3,2022,4.83
NEXP3,2022,-3.5016
CURY3,2022,1.1302
SYNE3,2022,-0.3734215027
YDUQ3,2022,-0.19782
TRIS3,2022,0.37292
CMIN3,2022,0.53784
LOGG3,2022,3.83605
BMOB3,2022,0.976
OSXB3,2022,-91.62
OPCT3,2022,-0.46
KLAS3,2022,380.0
GGPS3,2022,0.77
ANIM3,2022,0.0
TECN3,2022,0.5423
AZUL4,2022,-2.08
B3SA3,2022,0.71377
ELMD3,2022,0.2309
INNC3,2022,0.73
SOMA3,2022,0.43
PRIO3,2022,4.0613842332
BRBI11,2022,0.47
CVCB3,2022,-1.7214319404
ORVR3,2022,-2.01
ENAT3,2022,0.0
APER3,2022,1.52
QUAL3,2022,0.33333
MDNE3,2022,0.0
RRRP3,2022,0.74
DMVF3,2022,0.224
MELK3,2022,0.417
VVEO3,2022,0.91535
AERI3,2022,-0.124
AMBP3,2022,0.56
HBSA3,2022,-0.0107
SBFG3,2022,1.0
KRSA3,2022,-0.14
SAEN3,2022,1.8
ZAMP3,2022,-0.20377
CASH3,2022,-0.07
NINJ3,2022,-0.3154
HBRE3,2022,0.610898561
SNSY3,2022,-43.10417
SNSY5,2022,-43.10417
FESA4,2022,12.88795
SUZB3,2022,17.57724
ARZZ3,2022,3.8921
DIRR3,2022,1.27
RENT3,2022,2.13287
AVLL3,2022,-18.33
ENJU3,2022,-0.33413
CMIG4,2022,1.86
CRIV4,2022,0.3970419766
BMEB4,2022,1.9066
BRGE11,2022,1.2001293943
CEDO4,2022,-1.8
CSMG3,2022,2.22
MEAL3,2022,0.25458
BBSE3,2022,3.02725
DOTZ3,2022,0.7
PETZ3,2022,0.10983
GRAO3,2022,1.36
PRNR3,2022,0.53867
BRIT3,2022,0.135
ALLD3,2022,0.8168
OFSA3,2022,2.4301435329
AGXY3,2022,0.17
CTSA3,2022,0.2086
CTSA4,2022,0.2294
MOVI3,2022,1.53893
PASS5,2022,2.58844
CXSE3,2022,0.98428
CTNM4,2022,0.0
VAMO3,2022,0.68069
PLPL3,2022,0.0
GMAT3,2022,0.22
COMR3,2022,-0.0708
TRAD3,2022,-0.29144
LAVV3,2022,0.5784
ESPA3,2022,0.0
MILS3,2022,1.04
AURE3,2022,2.43804
SCAR3,2022,-1.409
TEGA3,2022,0.6042
MBLY3,2022,-0.84363
NTCO3,2022,-2.0843
PETR4,2022,14.44
JFEN3,2022,-1.1719
CSNA3,2022,1.17108
MOAR3,2022,18.84
VLID3,2022,0.30746
PORT3,2022,0.7452
UGPA3,2022,1.6491
IRBR3,2022,-0.26
SOND5,2022,6.0947047117
RPMG3,2022,-13.83
TKNO4,2022,12.632
VALE3,2022,0.0
GGBR4,2022,6.76
VIVA3,2022,1.52952
UNIP5,2022,13.5804
VBBR3,2022,1.3726
QUSW3,2022,14.68
BRQB3,2022,0.0
AESB3,2022,0.2888127039
IFCM3,2022,-0.7248
HMOB3,2022,0.1834
BRKM5,2022,-0.4215
LOGN3,2022,3.87
EPAR3,2022,4.269
SRNA3,2022,-0.059
AALR3,2022,-1.934
EVEN3,2022,0.508
CEAB3,2022,0.0027
VITT3,2022,1.03
PFRM3,2022,0.66
BAHI3,2022,0.0
MGLU3,2022,-0.075
HBOR3,2022,0.38474
VSTE3,2022,0.06514
BOBR4,2022,0.07802
CSAN3,2022,0.6292
VULC3,2022,1.91241
NUTR3,2022,63.02
PLAS3,2022,-7.82
JSLG3,2022,0.9114
TOTS3,2022,0.82092
EUCA4,2022,2.88191
ROMI3,2022,2.67
ODPV3,2022,0.81779
BLAU3,2022,2.04
TFCO4,2022,0.6164
PMAM3,2022,-66.35926
LEVE3,2022,4.4053
ALPK3,2022,-0.8136
IGTI11,2022,0.0
NEMO5,2022,38.88851
MSPA4,2022,0.0285083127
BBDC4,2022,2.06
BRIV4,2022,1.4282866351
FLRY3,2022,0.9543483712
ITUB4,2022,3.03
USIM5,2022,1.38
CALI3,2022,1.88
MGEL4,2022,46.23986
RSID3,2022,-22.4606
CAMB3,2022,1.35201
ETER3,2022,2.2278
MYPK3,2022,1.83996
APTI4,2022,0.0
BMGB4,2022,0.1035
AMAR3,2022,-1.5719
EUFA3,2022,0.9463
BALM4,2022,0.5825
CBAV3,2022,0.0
DASA3,2022,-0.6947
ITSA4,2022,1.40941
REDE3,2022,0.7
RADL3,2022,0.60456
CSED3,2022,0.02
RDNI3,2022,0.50594
VIVR3,2022,-0.0881
BEEF3,2022,1.11557
TEND3,2022,-5.6431
CYRE3,2022,2.15282
CRFB3,2022,0.85
CPLE5,2022,0.50343
CPLE6,2022,0.50343
OIBR4,2022,-3.24
INEP4,2022,2129.0
POSI3,2022,2.1673
TEKA4,2022,-317.37735
EALT4,2022,1.712
INTB3,2022,1.46595
TXRX4,2022,0.26376
PTBL3,2022,1.0859
CLSC4,2022,14.5469
WEGE3,2022,1.00288
MWET4,2022,14.5364
SHUL3,2022,0.71453
SHUL4,2022,0.78598
RSUL4,2022,124.107
MTSA4,2022,10.91607
FRTA3,2022,2.5321
JOPA4,2022,3.1707
HBTS5,2022,6.1752
FRAS3,2022,0.8117
MNDL3,2022,355.71652
POMO4,2022,0.47758
RAPT4,2022,1.4341
SLCE3,2022,6.05911
LUPA3,2022,1.80758
KLBN11,2022,0.8109
GRND3,2022,0.6298
MNPR3,2022,0.92323
UCAS3,2022,0.49854
RCSL4,2022,-0.3398
KEPL3,2022,5.3404
CGRA4,2022,6.1589
LUXM4,2022,2.1607
PNVL3,2022,0.58
GOAU4,2022,3.52
PATI4,2022,2.32709
BRSR5,2022,2.19
LREN3,2022,1.3261
TASA4,2022,4.40376
RANI3,2022,1.5248
TTEN3,2022,1.15194
LJQQ3,2022,-0.09986
ODER4,2022,10.266
DXCO3,2022,1.0178
ELET5,2023,2.17648
CEBR5,2023,0.0
AESO3,2023,0.0664312996
ATOM3,2023,0.02163
AMER3,2023,-2.5161
ENGI11,2023,0.93
CIEL3,2023,0.77525
NEOE3,2023,3.68
BBML3,2023,-1.3206
GFSA3,2023,-3.288
SEQL3,2023,-4.32402
BRFS3,2023,-1.49129
PEAB4,2023,0.0
OPTS3,2023,0.00287
PSSA3,2023,3.57756
FIQE3,2023,0.41
EMAE4,2023,3.84159
TGMA3,2023,2.75
LWSA3,2023,-0.13
LMED3,2023,-6.4139
PDTC3,2023,0.1946
RAIL3,2023,0.38853
TIMS3,2023,1.17
CPFE3,2023,4.8
EGIE3,2023,4.20326
STBP3,2023,0.58407
COGN3,2023,0.0
CCRO3,2023,0.84465
SHOW3,2023,0.85109
JBSS3,2023,-0.48
HYPE3,2023,2.60564
PDGR3,2023,98.70034
GEPA4,2023,0.0
TRPL4,2023,4.31202
TPIS3,2023,-0.18492
EQTL3,2023,0.0
LIGT3,2023,0.7
CLSA3,2023,-0.149
BRAP4,2023,4.98386
MRFG3,2023,-2.3663
ATMP3,2023,22.0871
ECOR3,2023,0.81878
ENEV3,2023,0.13754
BIOM3,2023,1.0
FRIO3,2023,-1.9792
SEER3,2023,-0.21852
LVTC3,2023,-0.185
RDOR3,2023,0.9051
GOLL4,2023,-2.92
MDIA3,2023,2.6214
SIMH3,2023,-0.5988
ABEV3,2023,0.9210638756
SMFT3,2023,1.7681
EMBR3,2023,1.0666
SGPS3,2023,-21.3184
MULT3,2023,1.7478
FIEI3,2023,0.0
TAEE11,2023,1.3235
MTRE3,2023,0.85449
TCSA3,2023,-0.75072
LPSB3,2023,0.1711
IGSN3,2023,0.0
DESK3,2023,1.07
JHSF3,2023,0.7344
EZTC3,2023,1.08
MRVE3,2023,-0.05727
ALUP11,2023,0.768451819
GUAR3,2023,-0.06863
GPAR3,2023,0.0
PTCA3,2023,8.6613
NEXP3,2023,-58.34521
CURY3,2023,1.6506
SYNE3,2023,-0.0657868683
YDUQ3,2023,0.52387
TRIS3,2023,0.68024
CMIN3,2023,0.65057
LOGG3,2023,1.92644
BMOB3,2023,1.0
OSXB3,2023,-378.35
OPCT3,2023,0.3701
KLAS3,2023,609.0
GGPS3,2023,0.96
ANIM3,2023,0.0
TECN3,2023,0.7979
AZUL4,2023,-6.85
B3SA3,2023,0.72479
ELMD3,2023,0.48291
INNC3,2023,0.53
SOMA3,2023,-2.06
PRIO3,2023,6.16424
BRBI11,2023,0.49
CVCB3,2023,-1.22203
ORVR3,2023,0.48
ENAT3,2023,0.0
APER3,2023,0.34
QUAL3,2023,-0.2952
MDNE3,2023,0.0
RRRP3,2023,1.81
DMVF3,2023,0.422
MELK3,2023,0.0
VVEO3,2023,1.19952
AERI3,2023,-0.087
AMBP3,2023,-0.34
HBSA3,2023,0.0231
SBFG3,2023,1.0
KRSA3,2023,0.0
SAEN3,2023,1.93
ZAMP3,2023,-0.3573
CASH3,2023,0.0
NINJ3,2023,0.0728
HBRE3,2023,1.2774329073
SNSY3,2023,-17.82982
SNSY5,2023,-17.82982
FESA4,2023,4.64245
LLBI3,2023,-1.811
SUZB3,2023,10.85794
ARZZ3,2023,3.6042
DIRR3,2023,2.06
RENT3,2023,1.77146
AVLL3,2023,-22.9
ENJU3,2023,0.26287
CMIG4,2023,2.62
CRIV4,2023,0.19088
BMEB4,2023,3.7913
BRGE11,2023,0.4189691759
CEDO4,2023,8.04
CSMG3,2023,3.64
MEAL3,2023,-0.28726
BBSE3,2023,3.99
DOTZ3,2023,-4.57
PETZ3,2023,0.03536
GRAO3,2023,0.03
PRNR3,2023,0.36921
BRIT3,2023,0.0
ALLD3,2023,1.3135
OFSA3,2023,-0.9294561821
AGXY3,2023,-2.23
CTSA3,2023,-3.1901
CTSA4,2023,-3.1901
MOVI3,2023,-1.8241425913
PASS5,2023,2.21205
CXSE3,2023,1.19408
CTNM4,2023,0.0
VAMO3,2023,0.55539
PLPL3,2023,1.37
GMAT3,2023,0.55
COMR3,2023,0.1151
TRAD3,2023,-0.87032
LAVV3,2023,1.1843
ESPA3,2023,0.0
MILS3,2023,1.34
AURE3,2023,-0.31769
SCAR3,2023,0.0
TEGA3,2023,0.3332
MBLY3,2023,-0.79956
NTCO3,2023,2.1582
PETR4,2023,9.57
JFEN3,2023,-1.468
CSNA3,2023,-0.23996
MOAR3,2023,71.75
VLID3,2023,2.66521
PORT3,2023,0.9082
UGPA3,2023,2.2272
IRBR3,2023,-1.51
SOND5,2023,5.04679
RPMG3,2023,-14.46
TKNO4,2023,12.387
VALE3,2023,0.0
GGBR4,2023,4.29
VIVA3,2023,1.5689
UNIP5,2023,7.8563
VBBR3,2023,4.2561
QUSW3,2023,22.94
BRQB3,2023,0.0
AESB3,2023,0.2226864719
IFCM3,2023,0.0
HMOB3,2023,0.0405
BRKM5,2023,-5.74575
LOGN3,2023,0.57
EPAR3,2023,1.0467
SRNA3,2023,1.1215
AALR3,2023,-1926.0
EVEN3,2023,1.049
SBSP3,2023,5.15506
CEAB3,2023,0.0076
VITT3,2023,0.6802
PFRM3,2023,0.574
BAHI3,2023,0.0
MGLU3,2023,-0.146
HBOR3,2023,0.3831974317
VSTE3,2023,0.20219
BOBR4,2023,0.34605
CSAN3,2023,0.5778
VULC3,2023,2.01801
NUTR3,2023,0.26
PLAS3,2023,-0.06
JSLG3,2023,1.651
TOTS3,2023,1.2168
EUCA4,2023,4.72524
ROMI3,2023,0.0
ODPV3,2023,0.92561
ODPV3,2023,0.92561
BLAU3,2023,1.41
TFCO4,2023,0.7356
PMAM3,2023,-32.02435
LEVE3,2023,5.76926
ALPK3,2023,0.3445
IGTI11,2023,0.0
NEMO5,2023,14.24147
MSPA4,2023,0.14854
BBDC4,2023,1.41
BRIV4,2023,0.03503
FLRY3,2023,0.0
ITUB4,2023,3.38
USIM5,2023,1.19
CALI3,2023,2.6
MGEL4,2023,6.0849
RSID3,2023,13.4861
CAMB3,2023,1.71438
ETER3,2023,2.0612
MYPK3,2023,0.20415
APTI4,2023,0.0
BMGB4,2023,0.4595
AMAR3,2023,-7.5992
EUFA3,2023,0.6515
BALM4,2023,0.91235
CBAV3,2023,0.0
DASA3,2023,-1.56083
ITSA4,2023,1.31817
REDE3,2023,0.79
RADL3,2023,0.61063
CSED3,2023,0.2745
RDNI3,2023,-4.59086
VIVR3,2023,-3.1254
BEEF3,2023,0.71754
TEND3,2023,-0.8747
CYRE3,2023,2.51277
CRFB3,2023,-0.38
CPLE5,2023,0.90931
CPLE6,2023,0.90931
OIBR4,2023,-9.12
INEP4,2023,11.51
POSI3,2023,1.7617
TEKA4,2023,-301.18949
EALT4,2023,2.2815
INTB3,2023,1.66121
TXRX4,2023,3.93146
PTBL3,2023,-0.24917
CLSC4,2023,14.9901
WEGE3,2023,1.36608
MWET4,2023,-12.2954
SHUL3,2023,0.73564
SHUL4,2023,0.8092
RSUL4,2023,98.08666
MTSA4,2023,10.4315
FRTA3,2023,2.6509
JOPA4,2023,1.67195
HBTS5,2023,28.5942
FRAS3,2023,1.4133
MNDL3,2023,-2.7534
POMO4,2023,0.86686
RAPT4,2023,1.1626
SLCE3,2023,2.07962
LUPA3,2023,1.2829398942
KLBN11,2023,0.4886
GRND3,2023,0.6182
MNPR3,2023,1.6773
UCAS3,2023,0.2295
RCSL4,2023,-0.04065
KEPL3,2023,1.4808
CGRA4,2023,4.7629
LUXM4,2023,0.8896
PNVL3,2023,0.62
GOAU4,2023,2.48
PATI4,2023,0.56065
BRSR5,2023,2.65
LREN3,2023,1.0195
TASA4,2023,1.20436
RANI3,2023,1.5905
TTEN3,2023,1.15216
LJQQ3,2023,0.10507
ODER4,2023,8.062
DXCO3,2023,0.9772
ELET5,2024,5.0241
CEBR5,2024,0.0
AESO3,2024,-0.04668
ARML3,2024,0.51
AMER3,2024,0.0
ENGI11,2024,1.59
CIEL3,2024,0.52837
NEOE3,2024,2.99
BBML3,2024,-8.3971
GFSA3,2024,-0.437
SEQL3,2024,-53.5485
BRFS3,2024,1.94379
PEAB4,2024,2.1576
OPTS3,2024,-0.00573
PSSA3,2024,4.14884
FIQE3,2024,0.49
EMAE4,2024,1.4
TGMA3,2024,4.09
LWSA3,2024,0.0733
LMED3,2024,-10.3368
PDTC3,2024,-0.3503
RAIL3,2024,-0.5185
TIMS3,2024,0.0
CPFE3,2024,4.74
EGIE3,2024,5.24476
STBP3,2024,0.86265
COGN3,2024,0.0
CCRO3,2024,0.61963
SHOW3,2024,-1.03044
JBSS3,2024,4.34
HYPE3,2024,2.11945
PDGR3,2024,-0.76698
GEPA4,2024,0.0
TRPL4,2024,5.30961
TPIS3,2024,0.82044
EQTL3,2024,0.0
LIGT3,2024,4.41
CLSA3,2024,0.0
MRFG3,2024,3.0939
ATMP3,2024,0.9979
ECOR3,2024,1.2997
ENEV3,2024,0.02514
BIOM3,2024,-0.3
FRIO3,2024,-2.6365
SEER3,2024,-0.00911
LVTC3,2024,0.4493
RDOR3,2024,1.7328
GOLL4,2024,-14.431
PGMN3,2024,0.18
MDIA3,2024,1.90545
SIMH3,2024,-0.1628
ABEV3,2024,0.91755
SMFT3,2024,0.7445
EMBR3,2024,2.612
MULT3,2024,2.4013
FIEI3,2024,0.0
TAEE11,2024,1.63901
MTRE3,2024,0.46504
TCSA3,2024,-2.05182
LPSB3,2024,0.13542
IGSN3,2024,0.0
DESK3,2024,0.87
JHSF3,2024,1.2733
EZTC3,2024,1.85
MRVE3,2024,-0.89409
ALUP11,2024,1.1562459536
GUAR3,2024,0.47103
GPAR3,2024,0.47
PTCA3,2024,9.72361
NEXP3,2024,-55.94337
CURY3,2024,2.2417
SYNE3,2024,3.5786104106
YDUQ3,2024,1.17164
TRIS3,2024,0.95512
CMIN3,2024,0.82765
LOGG3,2024,3.61702
BMOB3,2024,1.4
OSXB3,2024,-505.48
OPCT3,2024,-0.0786
KLAS3,2024,390.0
GGPS3,2024,0.98
ANIM3,2024,0.0
TECN3,2024,0.9817
AZUL4,2024,-26.32
B3SA3,2024,0.8379
ELMD3,2024,0.8222
INNC3,2024,0.67
PRIO3,2024,12.34643
BRBI11,2024,0.61
CVCB3,2024,-0.20273
ORVR3,2024,0.73
QUAL3,2024,0.02339
MDNE3,2024,0.0
RRRP3,2024,-2.72
DMVF3,2024,0.511
MELK3,2024,0.0
VVEO3,2024,-4.45574
AERI3,2024,-15.2386
AMBP3,2024,-1.72
HBSA3,2024,-0.8176
SBFG3,2024,2.2
KRSA3,2024,0.0
ZAMP3,2024,-0.6917
CASH3,2024,0.0
HBRE3,2024,1.3133572857
SNSY3,2024,-2.75426
SNSY5,2024,-2.75426
FESA4,2024,0.99335
LLBI3,2024,-0.89
SUZB3,2024,-5.59313
ARZZ3,2024,2.6145
DIRR3,2024,3.69
RENT3,2024,1.71362
MATD3,2024,0.0
AVLL3,2024,0.44
ENJU3,2024,-0.11748
CMIG4,2024,2.49
BMEB4,2024,4.8488
CEDO4,2024,11.05
CSMG3,2024,3.47
MEAL3,2024,-0.26723
BBSE3,2024,4.46
DOTZ3,2024,-1.24
PETZ3,2024,-0.09244
GRAO3,2024,0.29
PRNR3,2024,0.2262
ALLD3,2024,1.5472
OFSA3,2024,2.49833
AGXY3,2024,-14.25
MOVI3,2024,0.4804
PASS5,2024,2.3701
CXSE3,2024,1.25506
VAMO3,2024,0.3504
PLPL3,2024,0.0
GMAT3,2024,0.6
COMR3,2024,0.3828
TRAD3,2024,0.0
LAVV3,2024,1.7526
ESPA3,2024,0.0
MILS3,2024,1.20984
AURE3,2024,0.26519
SCAR3,2024,0.0
TEGA3,2024,0.0091
MBLY3,2024,-1.5314
NTCO3,2024,-6.4571
PETR4,2024,2.84
JFEN3,2024,0.0
BHIA3,2024,-10.9968745725
CSNA3,2024,-1.9545
MOAR3,2024,5.93
VLID3,2024,4.76166
PORT3,2024,1.1011
UGPA3,2024,2.1438
IRBR3,2024,9.85
SOND5,2024,6.20604
RPMG3,2024,-15.38
TKNO4,2024,17.101
VALE3,2024,0.0
GGBR4,2024,2.18
VIVA3,2024,2.77937
UNIP5,2024,5.2025
VBBR3,2024,5.7104
QUSW3,2024,29.88
BRQB3,2024,0.0
AESB3,2024,-0.6799416274
IFCM3,2024,0.0
HMOB3,2024,0.20586
BRKM5,2024,-14.1998
LOGN3,2024,1.41
EPAR3,2024,-0.4569
SRNA3,2024,0.5766
AALR3,2024,-1.092
EVEN3,2024,0.0
SBSP3,2024,14.02
CEAB3,2024,1.4839
VITT3,2024,0.50199
PFRM3,2024,0.934
BAHI3,2024,0.0
MGLU3,2024,0.61
HBOR3,2024,0.42585
VSTE3,2024,0.00583
CSAN3,2024,-5.1586
VULC3,2024,2.1122
NUTR3,2024,0.78
PLAS3,2024,-8.85
JSLG3,2024,0.72865
TOTS3,2024,1.20589
EUCA4,2024,2.21765
ROMI3,2024,1.22
ODPV3,2024,0.98626
BLAU3,2024,1.22
TFCO4,2024,0.763
PMAM3,2024,-40.42195
LEVE3,2024,3.9943
ALPK3,2024,-0.0739
IGTI11,2024,0.0
NEMO5,2024,-3.81372
MSPA4,2024,0.0624484323
BBDC4,2024,1.71
FLRY3,2024,0.0
ITUB4,2024,4.2
USIM5,2024,-0.12
CALI3,2024,2.14
MGEL4,2024,-7.4304
ALPA4,2024,0.1668086397
CAMB3,2024,1.82644
ETER3,2024,0.6288
MYPK3,2024,1.76635
APTI4,2024,0.0
BMGB4,2024,0.4342
AMAR3,2024,0.50535
EUFA3,2024,0.2592
BALM4,2024,2.98588
CBAV3,2024,-277.0
DASA3,2024,-0.95955
ITSA4,2024,1.36291
REDE3,2024,0.7
RADL3,2024,0.72753
CSED3,2024,0.3959
RDNI3,2024,-3.36147
VIVR3,2024,-1.4716
BEEF3,2024,-2.6494
TEND3,2024,0.8645
CYRE3,2024,4.49891
CRFB3,2024,0.83
CPLE5,2024,0.98165
CPLE6,2024,0.98165
OIBR4,2024,117.81
INEP4,2024,-5678.18
POSI3,2024,0.5745
TEKA4,2024,291.75105
EALT4,2024,3.0787
INTB3,2024,1.6145178959
TXRX4,2024,-9.2612
PTBL3,2024,-0.72374
CLSC4,2024,19.2627
WEGE3,2024,1.44026
MWET4,2024,15.9796
SHUL3,2024,0.67567
SHUL4,2024,0.74324
RSUL4,2024,106.43361
MTSA4,2024,3.66864
JOPA4,2024,2.44385
HBTS5,2024,1.5217
FRAS3,2024,1.3772
MNDL3,2024,0.38496
POMO4,2024,1.09979
RAPT4,2024,1.2443
SLCE3,2024,1.15783
LUPA3,2024,-0.75413
KLBN11,2024,0.30107
GRND3,2024,0.815
MNPR3,2024,1.69716
UCAS3,2024,0.1884
RCSL4,2024,-0.6196
KEPL3,2024,1.1329
CGRA4,2024,5.017
LUXM4,2024,1.7867
PNVL3,2024,0.71
GOAU4,2024,1.5
PATI4,2024,3.53743
BRSR5,2024,1.84
LREN3,2024,1.1382
TASA4,2024,0.60707
RANI3,2024,1.2782
TTEN3,2024,1.5179
LJQQ3,2024,0.00075
ODER4,2024,3.2527
DXCO3,2024,0.2133
