CNPJ_CIA;DT_REFER;VERSAO;DENOM_CIA;QT_ACAO_ORDIN_CAP_INTEGR;QT_ACAO_PREF_CAP_INTEGR;QT_ACAO_TOTAL_CAP_INTEGR;QT_ACAO_ORDIN_TESOURO;QT_ACAO_PREF_TESOURO;QT_ACAO_TOTAL_TESOURO
00.000.000/0001-91;2024-12-31;1;BCO BRASIL S.A.;5730834040;0;5730834040;22786568;0;22786568
00.000.208/0001-00;2024-12-31;3;BRB BANCO DE BRASILIA S.A.;284785449;113056415;397841864;0;0;0
00.001.180/0001-26;2024-12-31;2;CENTRAIS ELET BRAS S.A. - ELETROBRAS;2027011;280088;2307099;52224;7241;59465
00.070.698/0001-11;2024-12-31;1;COMPANHIA ENERGÉTICA DE BRASÍLIA - CEB;35920890;36161025;72081915;0;0;0
00.080.671/0001-00;2024-12-31;1;CARAMURU ALIMENTOS S.A.;24444000;0;24444000;0;0;0
00.194.724/0001-13;2024-12-31;1;AUREN OPERAÇÕES S.A.;2031549574;0;2031549574;0;0;0
00.242.184/0001-04;2024-12-31;1;ARMAC LOCAÇÃO, LOGÍSTICA E SERVIÇOS S.A.;346494097;0;346494097;293444;0;293444
00.336.701/0001-04;2024-12-31;1;TELEC BRASILEIRAS S.A. TELEBRAS;67975599;18407491;86383090;193;0;193
00.357.038/0001-16;2024-12-31;2;CENTRAIS ELÉTRICAS DO NORTE DO BRASIL S.A.;168044751;0;168044751;10713;0;10713
00.359.742/0001-08;2024-12-31;4;FICTOR ALIMENTOS S.A.;23804898;0;23804898;0;0;0
00.383.281/0001-09;2024-12-31;1;BNDES PARTICIPACOES S.A. - BNDESPAR;1000000;0;1000000;0;0;0
00.389.481/0001-79;2024-12-31;1;LM TRANSPORTES INTERESTADUAIS SERVIÇOS E COMÉRCIO S.A.;212;0;212;0;0;0
00.644.907/0001-93;2024-12-31;1;INVESTCO S.A.;402202;384204;786406;0;0;0
00.743.065/0001-27;2024-12-31;1;LITEL PARTICIPACOES S.A.;215495;0;215495;0;0;0
00.776.574/0001-56;2024-12-31;1;AMERICANAS S.A. - EM RECUPERAÇÃO JUDICIAL;200244252;0;200244252;74;0;74
00.864.214/0001-06;2024-12-31;1;ENERGISA S.A.;887231247;1402193416;2289424663;754475;3017900;3772375
00.873.894/0001-24;2024-12-31;1;LETS RENT A CAR S/A;579;0;579;0;0;0
00.897.864/0001-58;2024-12-31;1;SANTA CATARINA PART INVEST SA;200;0;200;0;0;0
00.924.429/0001-75;2024-12-31;1;FERROVIA CENTRO-ATLANTICA S.A.;142807784;19;142807803;0;0;0
00.938.574/0001-05;2024-12-31;1;CONC RIO-TERESOPOLIS S.A.;48786;37680;86466;0;0;0
00.974.211/0001-25;2024-12-31;1;LINHA AMARELA S.A. - LAMSA;70666879;141333771;212000650;0;0;0
00.979.969/0001-56;2024-12-31;1;CAIXA ADM DIV PUB ESTADUAL SA;2402611661;0;2402611661;0;0;0
01.027.058/0001-91;2024-12-31;1;CIELO S.A. -  INSTITUIÇÃO DE PAGAMENTO;2668174120;0;2668174120;5842;0;5842
01.083.200/0001-18;2024-12-31;2;NEOENERGIA S.A.;1213797248;0;1213797248;640674;0;640674
01.104.937/0001-70;2024-12-31;1;ELETROBRÁS PARTICIPAÇÕES S.A. - ELETROPAR;11764889;0;11764889;0;0;0
01.107.327/0001-20;2024-12-31;1;BBM LOGÍSTICA S.A.;40760818;0;40760818;0;0;0
01.258.944/0001-26;2024-12-31;1;RUMO MALHA SUL S.A.;315866393927623;480557389696029;796423783623652;0;0;0
01.319.044/0001-41;2024-12-31;1;WTC AMAZONAS SUITE HOTEL S.A.;100;0;100;0;0;0
01.417.222/0001-77;2024-12-31;1;MRS LOGISTICA S.A.;187210;150767;337977;0;0;0
01.543.032/0001-04;2024-12-31;1;EQUATORIAL GOIÁS DISTRIBUIDORA DE ENERGIA S.A.;283067254;0;283067254;0;0;0
01.545.826/0001-07;2024-12-31;1;GAFISA S.A.;115936;0;115936;32913;0;32913
01.548.981/0001-79;2024-12-31;1;INVESTIMENTOS BEMGE S.A.;792;1572;2364;0;0;0
01.599.101/0001-93;2024-12-31;1;SEQUOIA LOGÍSTICA E TRANSPORTES S.A.;22805854;0;22805854;0;0;0
01.616.929/0001-02;2024-12-31;1;SANEAMENTO DE GOIAS SA;1866906374;648639993;2515546367;0;0;0
01.637.895/0001-32;2024-12-31;1;VOTORANTIM CIMENTOS S.A.;9225042782;300571428;9525614210;0;0;0
01.838.723/0001-27;2024-12-31;1;BRF S.A.;1682473246;0;1682473246;61629171;0;61629171
01.851.771/0001-55;2024-12-31;1;524 PARTICIPACOES S.A.;10116536859;0;10116536859;0;0;0
01.896.779/0001-38;2024-12-31;2;CSU DIGITAL S.A.;41800;0;41800;519;0;519
01.917.818/0001-36;2024-12-31;1;LIGHT ENERGIA S.A.;77421581;0;77421581;0;0;0
01.938.783/0001-11;2024-12-31;2;CIA PARTICIPACOES ALIANCA DA BAHIA;9495733;9412283;18908016;2271;350;2621
01.957.772/0001-89;2024-12-31;1;SUL 116 PARTICIPACOES S.A.;83596903;0;83596903;0;0;0
01.968.293/0001-68;2024-12-31;1;ELETRORIVER S.A.;30829941;30829941;61659882;0;0;0
01.989.044/0001-59;2024-12-31;1;WTC RIO EMPREEND. E PARTICIPAÇÕES S.A.;1000;0;1000;0;0;0
02.016.440/0001-62;2024-12-31;1;RGE SUL DISTRIBUIDORA DE ENERGIA S.A.;1125427;0;1125427;0;0;0
02.016.507/0001-69;2024-12-31;1;CIA DE GER. E TRANS. DE ENERGIA ELÉTRICA DO SUL DO BRASIL;499362292202;0;499362292202;6540876;0;6540876
02.041.460/0001-93;2024-12-31;1;V. TAL - REDE NEUTRA DE TELECOMUNICAÇÕES S.A.;32872880971;0;32872880971;0;0;0
02.062.747/0001-08;2024-12-31;2;SUDESTE S.A.;7521985933556;0;7521985933556;0;0;0
02.149.205/0001-69;2024-12-31;1;PORTO SEGURO S.A.;646586;0;646586;6118;0;6118
02.193.750/0001-52;2024-12-31;1;DEXXOS PARTICIPAÇÕES S.A.;103538833;5771805;109310638;262281;361279;623560
02.201.787/0001-85;2024-12-31;1;CEL PARTICIPAÇÕES S.A. - CELPAR;2609000;30;2609030;0;0;0
02.217.319/0001-07;2024-12-31;1;YBYRÁ CAPITAL S.A.;116574;116574;233148;0;0;0
02.255.187/0001-08;2024-12-31;1;UNIFIQUE TELECOMUNICAÇÕES S.A.;362049609;0;362049609;9000041;0;9000041
02.258.422/0001-97;2024-12-31;2;INEPAR EQUIPAMENTOS E MONTAGENS S/A - EM RECUPERACAO JUDICIA;246386;66035;312421;0;0;0
02.281.836/0001-37;2024-12-31;1;TRANSNORDESTINA LOGISTICA SA;28313622;27649471;55963093;0;0;0
02.286.479/0001-08;2024-12-31;1;LOCALIZA FLEET S.A.;637869842;0;637869842;0;0;0
02.291.077/0001-93;2024-12-31;1;PRODUTORES ENERGET.DE MANSO S.A.- PROMAN;100;0;100;0;0;0
02.302.100/0001-06;2024-12-31;1;EDP SÃO PAULO DISTRIBUIÇÃO DE ENERGIA S.A.;39091735;0;39091735;0;0;0
02.302.101/0001-42;2024-12-31;3;EMAE - EMPRESA METROP.AGUAS ENERGIA S.A.;14705;22242;36947;0;0;0
02.328.280/0001-97;2024-12-31;1;ELEKTRO REDES S.A.;91881;101878;193759;0;0;0
02.338.534/0001-58;2024-12-31;1;LONGDIS S.A.;11035292;0;11035292;0;0;0
02.351.144/0001-18;2024-12-31;1;TEGMA GESTAO LOGISTICA S.A.;66002915;0;66002915;65143;0;65143
02.351.877/0001-52;2024-12-31;1;LWSA S/A;562886478;0;562886478;4550829;0;4550829
02.357.251/0001-53;2024-12-31;1;LIFEMED INDUSTRIAL DE EQUIP. E ART. MEDICOS E HOSP. S.A;2576438;0;2576438;0;0;0
02.365.069/0001-44;2024-12-31;1;PADTEC HOLDING S.A.;79469626;0;79469626;0;0;0
02.382.073/0001-10;2024-12-31;1;PROLAGOS S/A - CONC.DE SERVICOS PÚBLICOS DE ÁGUA E ESGOTO;342985643;0;342985643;0;0;0
02.387.241/0001-60;2024-12-31;1;RUMO S.A.;1854868949;0;1854868949;4172689;0;4172689
02.397.080/0001-96;2024-12-31;1;ITAPEBI GERACAO DE ENERGIA S.A.;85060;0;85060;0;0;0
02.421.421/0001-11;2024-12-31;1;TIM S.A.;2420804398;0;2420804398;201320;0;201320
02.429.144/0001-93;2024-12-31;1;CPFL ENERGIA S.A.;1152254440;0;1152254440;0;0;0
02.451.848/0001-62;2024-12-31;1;CONC SIST ANHANG-BANDEIRANT S.A. AUTOBAN;175000000;0;175000000;0;0;0
02.474.103/0001-19;2024-12-31;1;ENGIE BRASIL ENERGIA S.A.;815927740;0;815927740;0;0;0
02.502.844/0001-66;2024-12-31;1;RUMO MALHA PAULISTA S.A.;3389672517622;6267908826998;9657581344620;0;0;0
02.509.491/0001-26;2024-12-31;1;CONC ECOVIAS IMIGRANTES S.A.;262452;0;262452;0;0;0
02.536.066/0001-26;2024-12-31;2;VITAL ENGENHARIA AMBIENTAL S.A.;6729518;4297542;11027060;0;0;0
02.558.157/0001-62;2024-12-31;1;TELEFÔNICA BRASIL S.A;1630643696;0;1630643696;3961092;0;3961092
02.560.878/0001-07;2024-12-31;1;HOSPITAL ANCHIETA S.A.;62783;0;62783;0;0;0
02.591.787/0001-39;2024-12-31;1;CAPITALPART PARTICIPACOES S.A.;815;1470;2285;0;0;0
02.600.854/0001-34;2024-12-31;1;TIM BRASIL SERVIÇOS E PARTICIPAÇÕES S.A.;15865086849;0;15865086849;0;0;0
02.635.522/0001-95;2024-03-31;1;JALLES MACHADO S.A.;303541864;0;303541864;1994200;0;1994200
02.664.042/0001-52;2024-12-31;1;TERMINAL GARAGEM MENEZES CORTES S.A.;526306;0;526306;0;0;0
02.724.983/0001-34;2024-12-31;1;SANESALTO SANEAMENTO S.A.;5353341;0;5353341;0;0;0
02.762.121/0001-04;2024-12-31;1;SANTOS BRASIL PARTICIPACOES S.A.;864170;0;864170;4070;0;4070
02.762.124/0001-30;2024-12-31;1;BETAPART PARTICIPACOES S.A.;2761620;0;2761620;0;0;0
02.796.775/0001-40;2024-12-31;1;GAMA PARTICIPACOES S.A.;1935716;0;1935716;0;0;0
02.800.026/0001-40;2024-12-31;1;COGNA EDUCAÇÃO S.A.;1876606210;0;1876606210;32264869;0;32264869
02.846.056/0001-97;2024-12-31;1;MOTIVA INFRAESTRUTURA DE MOBILIDADE S.A.;2020000000;0;2020000000;9884118;0;9884118
02.860.694/0001-62;2024-12-31;1;T4F ENTRETENIMENTO S.A.;67413;0;67413;0;0;0
02.916.265/0001-60;2024-12-31;1;JBS S.A.;2218116370;0;2218116370;0;0;0
02.919.555/0001-67;2024-12-31;1;ARTERIS S.A.;760338900;0;760338900;0;0;0
02.932.074/0001-91;2024-12-31;1;HYPERA S.A.;633420823;0;633420823;723554;0;723554
02.950.811/0001-89;2024-12-31;1;PDG REALTY S.A. EMPREEND E PARTICIPACOES;1743505;0;1743505;10;0;10
02.992.449/0001-09;2024-12-31;1;PROMPT PARTICIPACOES S.A.;14255137226;0;14255137226;0;0;0
02.998.301/0001-81;2024-12-31;1;RIO PARANAPANEMA ENERGIA S.A.;31477761;62955522;94433283;0;0;0
02.998.611/0001-04;2024-12-31;1;ISA ENERGIA BRASIL;257937732;400945572;658883304;0;0;0
03.014.553/0001-91;2024-12-31;3;TPI - TRIUNFO PARTICIP. E INVEST. S.A.;176000;0;176000;2493;0;2493
03.025.305/0001-46;2024-12-31;1;RODOVIAS DAS COLINAS S.A.;74220;0;74220;0;0;0
03.207.703/0001-83;2024-12-31;1;CONCESSIONARIA DE RODOVIAS DO INTERIOR PAULISTA S/A;4763110;0;4763110;0;0;0
03.220.438/0001-73;2024-12-31;3;EQUATORIAL S.A.;1249258717;0;1249258717;0;0;0
03.279.285/0001-30;2024-12-31;2;ORIZON MEIO AMBIENTE S.A.;3510;0;3510;0;0;0
03.303.999/0001-36;2024-12-31;1;DTCOM - DIRECT TO COMPANY S.A.;10680476;450655;11131131;0;0;0
03.342.704/0001-30;2024-12-31;2;PETRORECÔNCAVO S.A.;293452126;0;293452126;352936;0;352936
03.378.521/0001-75;2024-12-31;1;LIGHT S.A. - EM RECUPERAÇÃO JUDICIAL;372555324;0;372555324;0;0;0
03.467.321/0001-99;2024-12-31;1;ENERGISA MATO GROSSO-DISTRIBUIDORA DE ENERGIA S/A;75529774;143412165;218941939;0;0;0
03.538.833/0001-07;2024-12-31;1;XX DE NOVEMBRO INVESTIMENTOS E PARTICIPAÇÕES S.A.;451303226;0;451303226;0;0;0
03.758.318/0001-24;2024-12-31;2;INVESTIMENTOS E PARTICIP. EM INFRA S.A. - INVEPAR;143057124;286114248;429171372;0;0;0
03.767.538/0001-14;2024-12-31;1;BRAZILIAN SECURITIES CIA SECURITIZACAO;77864966;0;77864966;0;0;0
03.795.050/0001-09;2024-12-31;1;TERMOPERNAMBUCO S.A.;433894;0;433894;0;0;0
03.802.115/0001-98;2024-12-31;1;CLEAR SALE S.A.;187926060;0;187926060;0;0;0
03.820.456/0001-96;2024-12-31;1;BSB ENERGÉTICA S.A.;3028501;0;3028501;0;0;0
03.847.461/0001-92;2024-12-31;1;BRADESPAR S.A.;137990;255107;393097;0;0;0
03.853.896/0001-40;2024-12-31;1;MARFRIG GLOBAL FOODS S.A.;886000000;0;886000000;3769575;0;3769575
03.953.509/0001-47;2024-12-31;1;CPFL GERACAO DE ENERGIA S.A.;225137769366;0;225137769366;0;0;0
03.983.431/0001-03;2024-12-31;1;EDP - ENERGIAS DO BRASIL S.A.;545100;0;545100;0;0;0
04.030.182/0001-02;2024-12-31;1;CABINDA PARTICIPACOES S.A.;2548000;5096000;7644000;0;0;0
04.031.213/0001-31;2024-12-31;1;CACONDE PARTICIPACOES S.A.;793211;1586542;2379753;0;0;0
04.032.433/0001-80;2024-12-31;1;CONTAX PARTICIPAÇÕES S.A. - EM RECUPERAÇÃO JUDICIAL;26710356;0;26710356;0;0;0
04.038.763/0001-82;2024-12-31;1;CAIANDA PARTICIPACOES S.A.;776869;1553254;2330123;0;0;0
04.065.053/0001-41;2024-12-31;1;BRZ EMPREENDIMENTOS E CONSTRUÇÕES S.A.;15000000;0;15000000;0;0;0
04.069.709/0001-02;2024-12-31;1;BIONEXO S.A.;188025353;0;188025353;0;0;0
04.089.570/0001-50;2024-12-31;1;ÁGUAS GUARIROBA S.A;331012035;0;331012035;0;0;0
04.149.454/0001-80;2024-12-31;1;ECORODOVIAS INFRAESTRUTURA E LOGÍSTICA S.A.;696334;0;696334;713;0;713
04.172.213/0001-51;2024-12-31;1;CIA PIRATININGA DE FORCA E LUZ;53096770180;0;53096770180;0;0;0
04.212.396/0001-91;2024-12-31;1;VOKE S.A.;27123015;0;27123015;0;0;0
04.368.865/0001-66;2024-12-31;1;LIGGA TELECOMUNICAÇÕES S.A.;749146899;0;749146899;0;0;0
04.368.898/0001-06;2024-12-31;1;COPEL DISTRIBUIÇÃO S.A.;5372205949;0;5372205949;0;0;0
04.370.282/0001-70;2024-12-31;1;COPEL GERAÇÃO E TRANSMISSÃO S.A.;6242757424;0;6242757424;0;0;0
04.423.567/0001-21;2024-12-31;1;ENEVA S.A;1932592;0;1932592;1202;0;1202
04.601.397/0001-28;2024-12-31;1;BRISANET SERVIÇOS DE TELECOMUNICAÇÕES S.A.;438007537;0;438007537;0;0;0
04.626.426/0001-06;2024-12-31;1;BTG PACTUAL COMMODITIES SERTRADING S.A.;4214287450;0;4214287450;0;0;0
04.739.720/0001-24;2024-12-31;1;USINA TERMELÉTRICA PAMPA SUL S.A.;1268041000;0;1268041000;0;0;0
04.752.991/0001-10;2024-12-31;1;BIOMM S.A.;126841481;0;126841481;0;0;0
04.821.041/0001-08;2024-12-31;1;METALFRIO SOLUTIONS S.A.;6286293;0;6286293;0;0;0
04.895.728/0001-80;2024-12-31;1;EQUATORIAL PARÁ DISTRIBUIDORA DE ENERGIA S.A.;2204620569;4453438;2209074007;0;0;0
04.902.979/0001-44;2024-12-31;1;BCO AMAZONIA S.A.;56058315;0;56058315;0;0;0
04.912.242/0001-02;2024-12-31;1;PORTUENSE FERRAGENS S/A;24;5;29;0;0;0
04.913.711/0001-08;2024-12-31;1;BCO ESTADO DO PARA S.A.;9521649;0;9521649;0;0;0
04.972.092/0001-22;2024-12-31;1;GRUPO FARTURA DE HORTIFRUT S.A.;2781220;0;2781220;0;0;0
04.986.320/0001-13;2024-12-31;2;SER EDUCACIONAL S.A.;128721560;0;128721560;2100900;0;2100900
04.992.714/0001-84;2024-12-31;2;NOVA TRANSPORTADORA DO SUDESTE S.A. - NTS;2312328578;0;2312328578;0;0;0
05.197.443/0001-38;2024-12-31;1;HAPVIDA PARTICIPAÇÕES E INVESTIMENTOS S.A.;7539463263;0;7539463263;119673213;0;119673213
05.303.439/0001-07;2024-12-31;2;UNIGEL PARTICIPAÇÕES S.A.;920962726;0;920962726;0;0;0
05.336.882/0001-84;2024-12-31;1;CACHOEIRA PAULISTA TRANSMISSORA ENERGIA S.A.;20000;0;20000;0;0;0
05.878.397/0001-32;2024-12-31;1;ALLOS S.A.;542936909;0;542936909;36230548;0;36230548
05.917.486/0001-40;2024-12-31;2;LIVETECH DA BAHIA INDÚSTRIA E COMÉRCIO S.A.;64663;0;64663;1202;0;1202
06.016.348/0001-53;2024-12-31;1;VENTOS DO SUL ENERGIA S.A.;140964000;0;140964000;0;0;0
06.047.087/0001-39;2024-12-31;1;REDE D'OR SÃO LUIZ S.A.;2289292590;0;2289292590;69172994;0;69172994
06.057.223/0001-71;2024-12-31;2;SENDAS DISTRIBUIDORA S.A.;1352215647;0;1352215647;3800000;0;3800000
06.164.253/0001-87;2024-12-31;2;GOL LINHAS AEREAS INTELIGENTES S.A.;2863682500;338594335;3202276835;2109;0;2109
06.272.793/0001-84;2024-12-31;1;EQUATORIAL MARANHÃO DISTRIBUIDORA DE ENERGIA S.A.;161318939;2864960;164183899;0;0;0
06.347.409/0001-65;2024-12-31;1;SBF COMÉRCIO DE PRODUTOS ESPORTIVOS S.A.;4809277645;0;4809277645;0;0;0
06.626.253/0001-51;2024-12-31;2;EMPREENDIMENTOS PAGUE MENOS S.A.;569249470;0;569249470;7353440;0;7353440
06.977.745/0001-91;2024-12-31;1;BR MALLS PARTICIPACOES S.A.;819720;0;819720;0;0;0
06.981.176/0001-58;2024-12-31;2;CEMIG GERACAO E TRANSMISSAO S.A.;2896785;0;2896785;0;0;0
06.981.180/0001-16;2024-12-31;1;CEMIG DISTRIBUICAO S.A.;2359113;0;2359113;0;0;0
06.981.381/0001-13;2024-03-31;3;CTC - CENTRO DE TECNOLOGIA CANAVIEIRA S.A.;320748000;0;320748000;0;0;0
07.040.108/0001-57;2024-12-31;1;CAGECE - CIA DE AGUA E ESGOTO DO CEARA;190575733;58564;190634297;0;0;0
07.043.628/0001-13;2024-12-31;1;CLARO TELECOM PARTICIPAÇÕES S.A.;251307343;0;251307343;0;0;0
07.047.251/0001-70;2024-12-31;1;CIA ENERGETICA DO CEARA - COELCE;48067937;29787344;77855281;0;0;0
07.119.838/0001-48;2024-12-31;1;SECME - COMPANHIA SECURITIZADORA DE CRÉDITOS IMOBILIÁRIOS;616708;0;616708;0;0;0
07.206.816/0001-15;2024-12-31;1;M.DIAS BRANCO S.A. IND COM DE ALIMENTOS;339000000;0;339000000;3773296;0;3773296
07.237.373/0001-20;2024-12-31;1;BCO NORDESTE DO BRASIL S.A.;98700;0;98700;0;0;0
07.253.321/0001-47;2024-12-31;1;CARBOMIL SA MINER. E INDUSTRIA;155;66;221;0;0;0
07.275.159/0001-68;2024-12-31;1;PETROLEO LUB DO NORDESTE SA;496;1675;2171;0;79;79
07.282.377/0001-20;2024-12-31;1;ENERGISA SUL-SUDESTE - DISTRIBUIDORA DE ENERGIA S/A;97112;0;97112;0;0;0
07.334.600/0001-35;2024-12-31;2;MARINA DE IRACEMA PARK SA;95244;1317;96561;0;0;0
07.401.436/0001-31;2024-12-31;1;ELDORADO BRASIL CELULOSE S.A.;1525558419;0;1525558419;0;0;0
07.415.333/0001-20;2024-12-31;2;SIMPAR S.A.;873040533;0;873040533;13080182;0;13080182
07.526.557/0001-00;2024-12-31;1;AMBEV S.A.;15757657;0;15757657;29807;0;29807
07.594.978/0001-78;2024-12-31;1;SMARTFIT ESCOLA DE GINÁSTICA E DANÇA S.A.;586242289;0;586242289;0;0;0
07.628.528/0001-59;2024-06-30;2;BRASILAGRO - CIA BRAS DE PROP AGRICOLAS;102683444;0;102683444;3067987;0;3067987
07.636.657/0001-99;2024-12-31;1;AÇO VERDE DO BRASIL S.A;1031745;206231;1237976;0;0;0
07.659.538/0001-51;2024-12-31;1;DINAMICA ENERGIA S.A.;334424;0;334424;0;0;0
07.682.638/0001-07;2024-12-31;1;CONCESSIONÁRIA DA LINHA 4 DO METRÔ DE SÃO PAULO S.A.;74803571;74803517;149607088;0;0;0
07.689.002/0001-89;2024-12-31;1;EMBRAER S.A.;740465;0;740465;5832;0;5832
07.714.104/0001-07;2024-12-31;1;GIGA MAIS FIBRA TELECOMUNICAÇÕES S.A.;150442670;0;150442670;0;0;0
07.802.794/0001-56;2024-12-31;1;ESSENTIA PCHS S.A.;203708524;0;203708524;0;0;0
07.816.890/0001-53;2024-12-31;1;MULTIPLAN - EMPREEND IMOBILIARIOS S.A.;519163701;0;519163701;30485455;0;30485455
07.820.907/0001-46;2024-12-31;1;FICA EMPREENDIMENTOS IMOBILIÁRIOS S.A.;2422153;0;2422153;0;0;0
07.823.262/0001-03;2024-12-31;1;FOZ DO RIO CLARO ENERGIA S.A.;67717178;40991800;108708978;0;0;0
07.857.093/0001-14;2024-12-31;1;AURA MINERALS INC.;72399495;0;72399495;0;0;0
07.857.850/0001-50;2024-12-31;1;GP INVESTMENTS, LTD.;139458904;0;139458904;0;0;0
07.859.971/0001-30;2024-12-31;1;TRANSMISSORA ALIANÇA DE ENERGIA ELÉTRICA S.A.;590714;442783;1033497;0;0;0
07.882.930/0001-65;2024-12-31;1;MITRE REALTY EMPREENDIMENTOS E PARTICIPAÇÕES S.A.;105774820;0;105774820;0;0;0
08.065.557/0001-12;2024-12-31;1;TECNISA S.A.;73619;0;73619;0;0;0
08.070.508/0001-78;2024-03-31;1;RAIZEN ENERGIA S.A.;20588374701;0;20588374701;0;0;0
08.078.847/0001-09;2024-12-31;1;LPS BRASIL - CONSULTORIA DE IMOVEIS S.A.;147555;0;147555;10267;0;10267
08.100.057/0001-74;2024-12-31;1;TECNOGERA-LOCAÇÃO E TRANSFORMAÇÃO DE ENERGIA S.A.;17554648;1000;17555648;0;0;0
08.159.965/0001-33;2024-12-31;1;IGUA SANEAMENTO S.A.;558072622;0;558072622;1448451;0;1448451
08.170.849/0001-15;2024-12-31;2;DESKTOP S.A.;115625360;0;115625360;116094;0;116094
08.213.823/0001-07;2024-12-31;1;AURA ALMAS MINERAÇÃO S.A.;137909166;0;137909166;0;0;0
08.262.121/0001-13;2024-12-31;1;ALUBAR METAIS E CABOS S.A.;87114193;0;87114193;0;0;0
08.294.224/0001-65;2024-12-31;1;JHSF PARTICIPACOES S.A.;679328541;0;679328541;3637400;0;3637400
08.312.229/0001-73;2024-12-31;1;EZ TEC EMPREEND. E PARTICIPACOES S.A.;220989103;0;220989103;2863400;0;2863400
08.322.396/0001-03;2024-03-31;1;CERRADINHO BIOENERGIA S.A.;458277128;0;458277128;0;0;0
08.324.196/0001-81;2024-12-31;1;CIA ENERGETICA DO RIO GDE NORTE - COSERN;129092;38073;167165;0;0;0
08.343.492/0001-20;2024-12-31;1;MRV ENGENHARIA E PARTICIPACOES S.A.;562827;0;562827;1;0;1
08.364.948/0001-38;2024-12-31;1;ALUPAR INVESTIMENTO S/A;645667575;305179157;950846732;0;0;0
08.397.078/0001-01;2024-12-31;1;GSH CORP PARTICIPAÇÕES S.A.;229371078;43385771;272756849;0;42458;42458
08.402.943/0001-52;2024-12-31;1;GUARARAPES CONFECCOES S.A.;499200000;0;499200000;2560;0;2560
08.424.178/0001-71;2024-12-31;2;TECBLU TECELAGEM BLUMENAU S.A.;180894;1025897;1206791;0;0;0
08.439.659/0001-50;2024-12-31;1;CPFL ENERGIAS RENOVÁVEIS S.A.;593782504;0;593782504;0;0;0
08.467.115/0001-00;2024-12-31;1;CIA ESTADUAL DE DISTRIB ENER ELET-CEEE-D;68254930;0;68254930;0;0;0
08.534.605/0001-74;2024-12-31;1;RENOVA ENERGIA S.A.;124741981;124741975;249483956;0;0;0
08.560.444/0001-93;2024-12-31;2;CIA CELG DE PARTICIPACOES - CELGPAR;79676;0;79676;0;0;0
08.574.411/0001-00;2024-12-31;1;PRÁTICA PRODUTOS S.A.;3355031;0;3355031;0;0;0
08.613.550/0001-98;2024-12-31;3;NEXPE PARTICIPAÇÕES S.A;2655;0;2655;1;0;1
08.764.621/0001-53;2024-12-31;1;GENERAL SHOPPING E OUTLETS DO BRASIL BRASIL S.A.;19028769;0;19028769;53431;0;53431
08.769.451/0001-08;2024-12-31;1;VIRGO COMPANHIA DE SECURITIZAÇÃO;35536642;0;35536642;0;0;0
08.773.135/0001-00;2024-12-31;2;2W ECOBANK S.A. - EM RECUPERAÇÃO JUDICIAL;113548;0;113548;0;0;0
08.795.211/0001-70;2024-12-31;1;MAESTRO LOCADORA DE VEICULOS S.A.;26009820;0;26009820;0;0;0
08.797.760/0001-83;2024-12-31;1;CURY CONSTRUTORA E INCORPORADORA S.A.;291875088;0;291875088;1990800;0;1990800
08.801.621/0001-86;2024-12-31;1;SYN PROP & TECH S.A.;152644;0;152644;0;0;0
08.807.432/0001-10;2024-12-31;2;YDUQS PARTICIPACOES S.A.;289089;0;289089;11371;0;11371
08.811.643/0001-27;2024-12-31;1;TRISUL S.A.;186618;0;186618;7000;0;7000
08.822.767/0001-08;2024-12-31;1;CONCESSIONÁRIA DA RODOVIA MG-050 S.A.;1471779;0;1471779;0;0;0
08.827.501/0001-58;2024-12-31;3;AEGEA SANEAMENTO E PARTICIPAÇÕES S.A.;709956474;310300113;1020256587;0;0;0
08.845.676/0001-98;2024-12-31;2;CORPÓREOS - SERVIÇOS TERAPÊUTICOS S.A.;1595023722;0;1595023722;0;0;0
08.873.873/0001-10;2024-12-31;1;ECORODOVIAS CONCESSÕES E SERVIÇOS S.A.;2109396;0;2109396;0;0;0
08.902.291/0001-15;2024-12-31;2;CSN MINERAÇÃO S.A.;5485338835;0;5485338835;53294297;0;53294297
08.926.302/0001-05;2024-12-31;1;PRIO FORTE S.A.;6342218160;0;6342218160;0;0;0
08.935.054/0001-50;2024-12-31;1;MULTINER S/A;7877740;6843557;14721297;0;0;0
09.041.168/0001-10;2024-12-31;1;LOG COMMERCIAL PROPERTIES E PARTICIPAÇÕES;87859;0;87859;828;0;828
09.042.817/0001-05;2024-12-31;1;BEMOBI MOBILE TECH S.A.;85608392;0;85608392;0;0;0
09.053.134/0001-45;2024-12-31;3;ELFA MEDICAMENTOS S.A.;617158337;0;617158337;0;0;0
09.054.385/0001-44;2024-12-31;1;INBRANDS S.A.;138442514;0;138442514;0;0;0
09.074.183/0001-64;2024-12-31;1;TRANSBRASILIANA CONCESSIONÁRIA DE RODOVIA S.A;428071;0;428071;0;0;0
09.095.183/0001-40;2024-12-31;1;ENERGISA PARAÍBA - DISTRIBUIDORA DE ENERGIA S/A;1047489;0;1047489;0;0;0
09.112.685/0001-32;2024-12-31;1;OSX BRASIL S.A. - EM RECUPERAÇÃO JUDICIAL;3148038;0;3148038;0;0;0
09.114.805/0001-30;2024-12-31;1;OCEANPACT SERVIÇOS MARITIMOS S.A.;199959554;0;199959554;1703621;0;1703621
09.116.278/0001-01;2024-12-31;1;CONPEL CIA NORDESTINA PAPEL - EM RECUPERAÇÃO JUDICIAL;17378;744;18122;0;0;0
09.146.451/0001-06;2024-12-31;1;KALLAS INCORPORAÇÕES E CONSTRUÇÕES S.A.;135602;0;135602;0;0;0
09.149.503/0001-06;2024-12-31;1;SERENA GERAÇÃO S.A.;200274405;0;200274405;0;0;0
09.229.201/0001-30;2024-12-31;1;GPS PARTICIPAÇÕES E EMPREENDIMENTOS S.A.;674854731;0;674854731;0;0;0
09.257.877/0001-37;2024-12-31;1;FERROVIA NORTE SUL S/A;1835966791;0;1835966791;0;0;0
09.267.996/0001-70;2024-12-31;1;YUNY INCORPORADORA HOLDING S.A.;52675049;0;52675049;0;0;0
09.288.252/0001-32;2024-12-31;1;ANIMA HOLDING S.A.;403868805;0;403868805;26165763;0;26165763
09.295.063/0001-97;2024-12-31;1;TECHNOS S.A.;64106215;0;64106215;748266;0;748266
09.304.427/0001-58;2024-12-31;1;HABITASEC SECURITIZADORA SA;900000;0;900000;0;0;0
09.305.994/0001-29;2024-12-31;1;AZUL S.A.;928965058;335750796;1264715854;0;264495;264495
09.313.969/0001-97;2024-12-31;1;AUTOPISTA LITORAL SUL;4158155555;0;4158155555;0;0;0
09.324.949/0001-11;2024-12-31;1;AUTOPISTA FLUMINENSE SA;658918293;0;658918293;0;0;0
09.325.109/0001-73;2024-12-31;1;AUTOPISTA PLANALTO SUL SA;1656659368;0;1656659368;0;0;0
09.326.342/0001-70;2024-12-31;1;AUTOPISTA FERNÃO DIAS SA;2962381424;0;2962381424;0;0;0
09.336.431/0001-06;2024-12-31;1;AUTOPISTA REGIS BITTENCOURT SA;747759759;0;747759759;0;0;0
09.346.601/0001-25;2024-12-31;1;B3 S.A. - BRASIL, BOLSA, BALCÃO;5426500000;0;5426500000;161295214;0;161295214
09.347.516/0001-81;2024-12-31;1;ELETROMIDIA S.A.;139983753;0;139983753;666904;0;666904
09.359.927/0001-97;2024-12-31;1;ASA BRANCA HOLDING S.A.;64042606;0;64042606;0;0;0
09.391.823/0001-60;2024-12-31;1;SANTO ANTONIO ENERGIA S.A.;1801134793836;0;1801134793836;0;0;0
09.414.761/0001-64;2024-12-31;1;K-INFRA RODOVIA DO AÇO S.A.;438327;0;438327;0;0;0
09.478.309/0001-66;2024-12-31;1;BRASIL BIOFUELS S.A.;6055973;0;6055973;0;0;0
09.527.023/0001-23;2024-12-31;1;ENVIRONMENTAL ESG PARTICIPAÇÕES S.A.;232476294;0;232476294;0;0;0
09.538.973/0001-53;2024-12-31;1;PDG COMPANHIA SECURITIZADORA;844;0;844;0;0;0
09.584.854/0001-37;2024-12-31;1;MANAUS TRANSMISSORA DE ENERGIA S.A;1255333123;0;1255333123;0;0;0
09.611.768/0001-76;2024-12-31;2;INC EMPREENDIMENTOS IMOBILIÁRIOS S.A.;86885349;0;86885349;0;0;0
09.625.321/0001-56;2024-12-31;1;NORTE BRASIL TRANSMISSORA DE ENERGIA S.A.;1687300000;0;1687300000;0;0;0
09.813.204/0001-16;2024-12-31;2;W2W E-COMMERCE DE VINHOS S.A.;108655567;0;108655567;0;0;0
10.139.870/0001-08;2024-12-31;3;NEOGRID PARTICIPAÇÕES S.A.;9140944;0;9140944;253692;0;253692
10.158.356/0001-01;2024-12-31;1;CPX DISTRIBUIDORA S.A.;57312220;0;57312220;0;0;0
10.215.988/0001-60;2024-12-31;1;COMPANHIA DE LOCAÇÃO DAS AMÉRICAS;2518751757;0;2518751757;0;0;0
10.234.027/0001-00;2024-12-31;1;LINHAS DE MACAPÁ TRANSMISSORA DE ENERGIA S/A;667013209;0;667013209;0;0;0
10.240.186/0001-00;2024-12-31;1;LINHAS DE XINGU TRANSMISSORA DE ENERGIA S/A;632529094;0;632529094;0;0;0
10.319.900/0001-50;2024-12-31;1;REGENERA RIO S.A.;60000273;0;60000273;0;0;0
10.324.624/0001-18;2024-12-31;1;CONCESSÃO METROVIÁRIA DO RIO DE JANEIRO S.A.;1613694012;0;1613694012;0;0;0
10.338.320/0001-00;2024-12-31;1;AFLUENTE TRANSMISSÃO DE ENERGIA ELÉTRICA S/A;63085;0;63085;0;0;0
10.488.244/0001-19;2024-12-31;1;INFRASEC SECURITIZADORA S.A.;1000;0;1000;0;0;0
10.502.676/0001-37;2024-12-31;1;TERMELÉTRICA PERNAMBUCO III S.A.;26162998;0;26162998;0;0;0
10.531.501/0001-58;2024-12-31;1;CONC AUTO RAPOSO TAVARES S.A.;6301299;6301299;12602598;0;0;0
10.571.175/0001-02;2024-12-31;1;URBA DESENVOLVIMENTO URBANO S.A.;146922;0;146922;336;0;336
10.629.105/0001-68;2024-12-31;1;PRIO S.A.;892059934;0;892059934;75058542;0;75058542
10.635.691/0001-53;2024-12-31;1;VIARONDON CONCESSIONÁRIA DE RODOVIA S.A.;249500;249500;499000;0;0;0
10.647.979/0001-48;2024-12-31;1;CONC ROTA DAS BANDEIRAS S.A.;278399525;278399525;556799050;0;0;0
10.670.314/0001-55;2024-12-31;1;VIABAHIA CONCESSIONÁRIA DE RODOVIAS SA;828812;0;828812;0;0;0
10.678.505/0001-63;2024-12-31;2;CONC RODOVIAS DO TIETÊ S.A.- EM RECUPERAÇÃO JUDICIAL;30357847596;0;30357847596;0;0;0
10.739.356/0001-03;2024-12-31;2;BRBI BR PARTNERS S.A;200546184;114440928;314987112;0;0;0
10.760.260/0001-19;2024-12-31;1;CVC BRASIL OPERADORA E AGÊNCIA DE VIAGENS S.A.;525591097;0;525591097;8326;0;8326
10.807.374/0001-77;2024-12-31;1;BOA SAFRA SEMENTES S.A.;135322144;0;135322144;801800;0;801800
10.835.932/0001-08;2024-12-31;1;CIA ENERGETICA DE PERNAMBUCO - CELPE;66052;7648;73700;0;0;0
10.841.050/0001-55;2024-12-31;1;CONC ROD AYRTON SENNA E CARV PINTO S.A.-ECOPISTAS;287665;0;287665;0;0;0
11.284.204/0001-18;2024-12-31;2;YOU INC INCORPORADORA E PARTICIPAÇÃO S.A;31564;0;31564;0;0;0
11.421.994/0001-36;2024-12-31;2;ORIZON VALORIZAÇÃO DE RESÍDUOS S.A.;82951;0;82951;0;0;0
11.992.680/0001-93;2024-12-31;1;QUALICORP CONSULTORIA E CORRETORA DE SEGUROS S.A.;284014325;0;284014325;2690749;0;2690749
12.049.631/0001-84;2024-12-31;1;MOURA DUBEUX ENGENHARIA S/A;84909375;0;84909375;1096048;0;1096048
12.091.809/0001-55;2024-12-31;1;BRAVA ENERGIA S.A.;464179128;0;464179128;14166;0;14166
12.104.241/0004-02;2024-12-31;1;ONCOCLÍNICAS DO BRASIL SERVIÇOS MÉDICOS S.A.;651756313;0;651756313;18963632;0;18963632
12.108.897/0001-50;2024-12-31;1;D1000 VAREJO FARMA PARTICIPAÇÕES S.A.;50603;0;50603;0;0;0
12.181.987/0001-77;2024-12-31;2;MELNICK DESENVOLVIMENTO IMOBILIÁRIO S.A.;206269341;0;206269341;1997198;0;1997198
12.300.288/0001-07;2024-12-31;3;NORTE ENERGIA S.A.;13396000;0;13396000;0;0;0
12.420.164/0001-57;2024-12-31;1;CM HOSPITALAR S.A;322820608;0;322820608;7012300;0;7012300
12.489.315/0001-23;2024-12-31;1;FERREIRA GOMES ENERGIA S.A.;807080529;0;807080529;0;0;0
12.528.708/0001-07;2024-12-31;3;AERIS IND. E COM. DE EQUIP. PARA GER. DE ENG. S.A.;62120196;0;62120196;823306;0;823306
12.592.831/0001-89;2024-12-31;2;MNLT S.A.;2260490292;10;2260490302;0;0;0
12.648.266/0001-24;2024-12-31;1;AMBIPAR PARTICIPAÇÕES E EMPREENDIMENTOS S.A.;167041869;0;167041869;244100;0;244100
12.648.327/0001-53;2024-12-31;1;HIDROVIAS DO BRASIL S.A.;760383;0;760383;0;0;0
12.919.786/0001-24;2024-12-31;1;TCP TERMINAL DE CONTEINERES DE PARANAGUA SA;8116936;0;8116936;0;0;0
13.009.717/0001-46;2024-12-31;2;BCO ESTADO DE SERGIPE S.A. - BANESE;9761354;9761354;19522708;0;0;0
13.017.462/0001-63;2024-12-31;1;ENERGISA SERGIPE - DISTRIBUIDORA DE ENERGIA S/A;195509;0;195509;0;0;0
13.217.485/0001-11;2024-12-31;2;GRUPO SBF S.A.;240408980;0;240408980;3604000;0;3604000
13.270.520/0001-66;2024-12-31;1;KORA SAÚDE PARTICIPAÇÕES S.A.;77334806;0;77334806;430063;0;430063
13.444.994/0001-87;2024-12-31;1;MLOG S.A.;2306;0;2306;0;0;0
13.574.594/0001-96;2024-12-31;1;ZAMP SA;406934395;0;406934395;8023038;0;8023038
13.783.221/0004-78;2024-12-31;1;MADERO INDÚSTRIA E COMÉRCIO S.A.;314820171;31541101;346361272;0;0;0
14.110.585/0001-07;2024-12-31;1;MÉLIUZ S.A.;87169265;0;87169265;0;0;0
14.191.427/0001-29;2024-12-31;1;GRANBIO INVESTIMENTOS S.A.;108133;0;108133;0;0;0
14.292.540/0001-09;2024-12-31;1;BRAZIL TOWER, CESSÃO DE INFRA-ESTRUTURAS S.A;211808182;0;211808182;0;0;0
14.388.334/0001-99;2024-12-31;1;PARANA BCO S.A.;1620020750;1628928142;3248948892;47795200;505372;48300572
14.776.142/0001-50;2024-12-31;1;WESTWING COMÉRCIO VAREJISTA S.A.;111093486;0;111093486;0;0;0
14.785.152/0001-51;2024-12-31;1;HBR REALTY EMPREENDIMENTOS IMOBILIÁRIOS S.A.;103188981;0;103188981;287649;0;287649
14.796.754/0001-04;2024-12-31;1;ENGELHART CTP (BRASIL) S.A.;10800300000;0;10800300000;0;0;0
14.807.945/0001-24;2024-12-31;1;SANSUY S.A. INDUSTRIA DE PLASTICOS;2657920;5058480;7716400;0;0;0
14.876.090/0001-93;2024-12-31;1;GAIA IMPACTO SECURITIZADORA S.A.;1500;0;1500;0;0;0
14.882.295/0001-81;2024-12-31;1;CBO HOLDING S.A.;138622434;0;138622434;0;0;0
14.998.371/0001-19;2024-12-31;1;J. MACEDO S.A.;10;9;19;0;0;0
15.073.274/0001-88;2024-12-31;1;PPLA PARTICIPATIONS LTD.;2814667;1;2814668;0;0;0
15.090.690/0001-94;2024-12-31;1;CONCESSIONARIA ECOVIAS DO ARAGUAIA S.A.;1922551;0;1922551;0;0;0
15.114.494/0001-02;2024-12-31;1;CORREDOR LOGÍSTICA E INFRAESTRUTURA S.A.;164955410;11239603;176195013;0;0;0
15.115.504/0001-24;2024-12-31;1;TRONOX PIGMENTOS DO BRASIL S.A.;10158398;18860349;29018747;0;0;0
15.139.629/0001-94;2024-12-31;2;CIA ELETRICIDADE EST. DA BAHIA - COELBA;151998;110098;262096;0;0;0
15.141.799/0001-03;2024-12-31;1;CIA FERRO LIGAS DA BAHIA - FERBASA;117725000;235450000;353175000;125000;12663200;12788200
15.385.166/0001-40;2024-12-31;2;EQUIPAV SANEAMENTO S.A.;963989061;0;963989061;0;0;0
15.413.826/0001-50;2024-12-31;1;ENERGISA MATO GROSSO DO SUL - DIST DE ENERGIA S.A.;647015;0;647015;0;0;0
15.440.708/0001-30;2024-12-31;1;CONCESSIONÁRIA VIARIO S.A.;355432206;0;355432206;0;0;0
15.484.093/0001-44;2024-12-31;1;ECO101 CONCESSIONÁRIA DE RODOVIAS S.A.;1682092;0;1682092;0;0;0
15.494.541/0001-90;2024-12-31;1;SALUS INFRAESTRUTURA PORTUARIA SA;420000;0;420000;0;0;0
15.578.569/0001-06;2024-12-31;1;CONC DO AEROPORTO INTERNACIONAL DE GUARULHOS S.A.;3033542;0;3033542;0;0;0
16.233.389/0001-55;2024-12-31;1;CVLB BRASIL S.A;125911213;0;125911213;0;0;0
16.234.171/0001-15;2024-12-31;1;METANOR SA METANOL DO NE;97768099;196571002;294339101;0;0;0
16.404.287/0001-55;2024-12-31;1;SUZANO S.A.;1264117615;0;1264117615;24875787;0;24875787
16.590.234/0001-76;2024-12-31;2;AZZAS 2154 S.A.;206489813;0;206489813;20781;0;20781
16.614.075/0001-00;2024-12-31;1;DIRECIONAL ENGENHARIA S.A.;173500000;0;173500000;508138;0;508138
16.670.085/0001-55;2024-12-31;1;LOCALIZA RENT A CAR S.A.;1082620720;0;1082620720;28869532;0;28869532
16.676.520/0001-59;2024-12-31;1;HOSPITAL MATER DEI S.A.;345157525;0;345157525;3686100;0;3686100
16.811.931/0001-00;2024-12-31;1;ALPHAVILLE S.A.;195330061;0;195330061;295;0;295
16.838.421/0001-26;2024-12-31;2;XP INVESTIMENTOS S.A.;2503189246;0;2503189246;0;0;0
16.922.038/0001-51;2024-12-31;1;ENJOEI S.A.;205017;0;205017;0;0;0
17.155.730/0001-64;2024-12-31;1;CIA ENERGETICA DE MINAS GERAIS - CEMIG;956602;1905180;2861782;1100;0;1100
17.157.777/0001-67;2024-12-31;1;BANCO NACIONAL S.A.;61156255;51387855;112544110;0;0;0
17.159.005/0001-64;2024-12-31;1;FIACAO E TECELAGEM SAO JOSE SA EM RECUPERACAO JUDICIAL;4500;9000;13500;948;0;948
17.159.229/0001-76;2024-12-31;1;LABORATÓRIO TEUTO BRASILEIRO S.A.;54655555;0;54655555;0;0;0
17.161.241/0001-15;2024-12-31;1;MINASMAQUINAS S.A.;20;17;37;0;0;0
17.162.082/0001-73;2024-12-31;1;MENDES JUNIOR ENGENHARIA S.A.;6976765;3332623;10309388;0;0;0
17.167.396/0001-69;2024-12-31;1;ALFA HOLDINGS S.A.;46011632;38670637;84682269;0;0;0
17.184.037/0001-10;2024-12-31;2;BCO MERCANTIL DO BRASIL S.A.;65156;39676;104832;0;349;349
17.234.244/0001-31;2024-12-31;1;FTL - FERROVIA TRANSNORDESTINA LOGÍSTICA S.A.;550871212;0;550871212;0;0;0
17.245.234/0001-00;2024-12-31;1;CIA FIACAO TECIDOS CEDRO CACHOEIRA;5707104;4292896;10000000;0;0;0
17.281.106/0001-03;2024-12-31;1;CIA SANEAMENTO DE MINAS GERAIS-COPASA MG;380253;0;380253;1072;0;1072
17.314.329/0001-20;2024-12-31;2;INTERNATIONAL MEAL COMPANY ALIMENTACAO S.A.;286369530;0;286369530;926500;0;926500
17.344.597/0001-94;2024-12-31;1;BB SEGURIDADE PARTICIPAÇÕES S.A.;2000000000;0;2000000000;58813981;0;58813981
17.359.233/0001-88;2024-12-31;1;TECIDOS E ARMARINHOS MIGUEL BARTOLOMEU S.A.;382000000;0;382000000;0;0;0
17.765.891/0001-70;2024-12-31;1;GRUPO SALTA EDUCAÇÃO S.A.;327925580;73170653;401096233;0;0;0
18.080.368/0001-72;2024-12-31;1;OZN HEALTH SPE S.A.;94500;0;94500;0;0;0
18.174.270/0001-84;2024-12-31;1;DOTZ S.A.;13244055;0;13244055;0;0;0
18.328.118/0001-09;2024-12-31;1;PET CENTER COMÉRCIO E PARTICIPAÇÕES S.A.;462523502;0;462523502;11600015;0;11600015
18.483.666/0001-03;2024-12-31;1;HUMBERG AGRIBRASIL COMÉRCIO E EXPORTAÇÃO DE GRÃOS S.A.;95863295;0;95863295;5993644;0;5993644
18.494.485/0001-82;2024-12-31;1;PORTO SUDESTE V.M. S.A.;6602020;0;6602020;0;0;0
18.572.225/0001-88;2024-12-31;1;CONCEBRA - CONCESSIONARIA DAS RODOVIAS CENTRAIS DO BRASIL;429710;0;429710;0;0;0
18.593.815/0001-97;2024-12-31;1;PRINER SERVIÇOS INDUSTRIAIS S.A.;46720757;0;46720757;0;0;0
18.903.785/0001-78;2024-12-31;1;HOLDING DO ARAGUAIA S.A.;708377;0;708377;0;0;0
19.014.221/0001-47;2024-12-31;1;CHINA THREE GORGES BRASIL ENERGIA S.A.;992653503;0;992653503;0;0;0
19.208.022/0001-70;2024-12-31;1;ECO050 CONCESSIONÁRIA DE RODOVIAS S.A.;992477;0;992477;0;0;0
19.403.252/0001-90;2024-12-31;2;EMCCAMP RESIDENCIAL S.A.;51018519;0;51018519;0;0;0
19.521.322/0001-04;2024-12-31;1;CONCESSIONÁRIA ROTA DO OESTE S.A.;2031810533;0;2031810533;0;0;0
19.526.748/0001-50;2024-12-31;1;COMPANHIA INDUSTRIAL CATAGUASES;144;1;145;0;0;0
19.527.586/0001-75;2024-12-31;1;COMPANHIA ENERGÉTICA SINOP S/A;2234136;0;2234136;0;0;0
19.527.639/0001-58;2024-12-31;1;ENERGISA MINAS RIO - DISTRIBUIDORA DE ENERGIA S/A;1058767;0;1058767;0;0;0
19.642.306/0001-70;2024-12-31;1;CONCESSIONÁRIA DE RODOVIA SUL-MATOGROSSENSE S.A.;1088000000;0;1088000000;0;0;0
20.247.322/0001-47;2024-12-31;1;ALLIED TECNOLOGIA S.A.;94059;0;94059;0;0;0
20.258.278/0001-70;2024-12-31;2;OUROFINO S.A.;53949006;0;53949006;181400;0;181400
20.512.706/0001-40;2024-12-31;1;VITRU EDUCAÇÃO S.A.;134172428;0;134172428;519900;0;519900
20.514.555/0001-69;2024-12-31;1;ARGO VI TRANSMISSÃO DE ENERGIA S.A.;215600280;0;215600280;0;0;0
20.514.590/0001-88;2024-12-31;1;ARGO V TRANSMISSÃO DE ENERGIA S.A.;251284711;0;251284711;0;0;0
21.110.778/0001-23;2024-12-31;1;OLIVEIRA TRUST S.A.;172280750;168869250;341150000;0;0;0
21.240.146/0001-84;2024-12-31;1;AGROGALAXY PARTICIPAÇÕES S.A. - EM RECUPERAÇÃO JUDICIAL;254543576;0;254543576;3395679;0;3395679
21.254.073/0001-80;2024-12-31;1;COMPANHIA ITAUNENSE ENERGIA E PARTICIPAÇÕES;7589885;0;7589885;0;0;0
21.314.559/0001-66;2024-12-31;2;MOVIDA PARTICIPACOES SA;362302086;0;362302086;5189833;0;5189833
21.389.501/0001-81;2024-12-31;1;COMPASS GÁS E ENERGIA S.A.;628487691;85702404;714190095;0;0;0
21.414.457/0001-12;2024-12-31;1;LEADS CIA. SECURITIZADORA;2000000;0;2000000;0;0;0
21.728.083/0001-00;2024-12-31;1;TRANSMISSORA JOSÉ MARIA DE MACEDO DE ELETRICIDADE S.A.;504397379;0;504397379;0;0;0
21.748.188/0001-20;2024-12-31;1;TERP GLBL BRASIL I PARTICIPAÇÕES S.A.;392336428;0;392336428;0;0;0
22.163.297/0001-49;2024-12-31;1;CONCESSIONÁRIA PONTE RIO-NITERÓI S.A. - ECOPONTE;147368;0;147368;0;0;0
22.261.473/0001-85;2024-12-31;1;COMPANHIA DE GÁS DE MINAS GERAIS - GASMIG;153471;153471;306942;0;0;0
22.266.175/0001-88;2024-12-31;1;FERTILIZANTES HERINGER S.A.;53857284;0;53857284;0;0;0
22.543.331/0001-00;2024-12-31;1;CAIXA SEGURIDADE PARTICIPAÇÕES S.A.;3000000;0;3000000;0;0;0
23.041.875/0001-37;2024-12-31;1;ALMACENES ÉXITO S.A.;1344720453;0;1344720453;46856094;0;46856094
23.096.269/0001-19;2024-12-31;1;RIO PARANA ENERGIA S.A.;7014326211;0;7014326211;0;0;0
23.236.821/0001-27;2024-12-31;1;PATRIMAR ENGENHARIA S.A.;56026;0;56026;0;0;0
23.373.000/0001-32;2024-12-31;2;VAMOS LOCAÇÃO DE CAMINHÕES, MÁQUINAS E EQUIPAMENTOS S.A.;1081032537;0;1081032537;499000;0;499000
23.438.929/0001-00;2024-12-31;1;ALARES INTERNET PARTICIPAÇÕES S/A;347699;0;347699;0;0;0
23.994.857/0001-70;2024-12-31;1;ATOM EDUCAÇÃO E EDITORA S.A.;23804;0;23804;1318;0;1318
24.230.275/0001-80;2024-12-31;2;PLANO & PLANO DESENVOLVIMENTO IMOBILIÁRIO S.A.;203901000;0;203901000;5096500;0;5096500
24.396.489/0001-20;2024-12-31;1;BRK AMBIENTAL PARTICIPAÇÕES S.A.;2646299065;0;2646299065;0;0;0
24.624.490/0001-65;2024-12-31;1;ARGO TRANSMISSÃO DE ENERGIA S/A;499811000;0;499811000;0;0;0
24.624.551/0001-94;2024-12-31;1;ARGO ENERGIA EMPREENDIMENTOS E PARTICIPAÇÕES S/A;1759420;0;1759420;0;0;0
24.921.465/0001-43;2024-12-31;1;BLUEFIT ACADEMIAS DE GINÁSTICA E PARTICIPAÇÕES S.A.;134775745;0;134775745;0;0;0
24.962.466/0001-36;2024-12-31;1;RUMO MALHA NORTE S.A.;1107698070;81714293;1189412363;0;0;0
24.990.777/0001-09;2024-12-31;2;GRUPO MATEUS S.A.;2248469834;0;2248469834;254947;0;254947
25.249.439/0001-83;2024-12-31;2;HOSPITAL CARE CALEDONIA S.A.;129351918;42796005;172147923;3873509;0;3873509
25.369.840/0001-57;2024-12-31;1;COMERC ENERGIA S.A.;363029262;0;363029262;0;0;0
26.072.786/0001-46;2024-12-31;1;QESTRA TECNOLOGIA ADMINISTRAÇÃO E PARTICIPAÇÕES S.A.;229410;0;229410;0;0;0
26.345.998/0001-50;2024-12-31;1;TC S.A.;40021;0;40021;592;0;592
26.462.693/0001-28;2024-12-31;1;LAVVI EMPREENDIMENTOS IMOBILIÁRIOS S.A.;199534352;0;199534352;4100000;0;4100000
26.609.050/0001-64;2024-12-31;3;TRAVESSIA SECURITIZADORA S.A.;237677;0;237677;0;0;0
26.659.061/0001-59;2024-12-31;1;MPM CORPÓREOS S.A.;361423066;0;361423066;0;0;0
26.664.057/0001-89;2024-12-31;1;ENTREVIAS CONCESSIONÁRIA DE RODOVIAS S.A.;560628;0;560628;0;0;0
26.845.702/0001-60;2024-12-31;1;BELÉM TRANSMISSORA DE ENERGIA S.A;146857116;0;146857116;0;0;0
26.982.634/0001-80;2024-12-31;2;TURBI COMPARTILHAMENTO DE VEÍCULOS S.A.;7356;51323;58679;1696;478;2174
27.093.558/0001-15;2024-12-31;1;MILLS LOCAÇÃO, SERVIÇOS E LOGÍSTICA S.A.;234178;0;234178;7250;0;7250
27.137.879/0001-74;2024-12-31;1;CIA SEC DE CRÉDITOS FINANCEIROS CARTÕES CONSIGNADOS I;72;0;72;0;0;0
27.157.474/0001-06;2024-12-31;1;ÁGUAS DE TERESINA SANEAMENTO SPE S.A.;86579150;0;86579150;0;0;0
27.743.642/0001-37;2024-12-31;2;CONSTRUTORA METROCASA S.A.;15000;0;15000;0;0;0
27.902.165/0002-96;2024-12-31;1;HIGHLINE BRASIL II INFRAESTRUTURA DE TELECOMUNICAÇÕES S.A.;3515471251;0;3515471251;0;0;0
27.956.690/0001-03;2024-12-31;2;AUZZA SECURITIZADORA S. A.;601666;0;601666;0;0;0
27.967.244/0001-02;2024-12-31;1;EQUATORIAL TRANSMISSORA 8 SPE S.A.;171171600;0;171171600;0;0;0
28.019.100/0001-89;2024-12-31;1;VIAPAULISTA S.A.;1489050740;0;1489050740;0;0;0
28.127.603/0001-78;2024-12-31;2;BANESTES S.A. - BCO EST ESPIRITO SANTO;231006;84906;315912;0;0;0
28.152.650/0001-71;2024-12-31;1;EDP ESPIRITO SANTO DISTRIBUIÇÃO DE ENERGIA S.A.;5876;0;5876;0;0;0
28.195.667/0001-06;2024-12-31;2;BCO ABC BRASIL S.A.;122961704;121695153;244656857;0;4360960;4360960
28.201.130/0001-01;2024-12-31;1;ENERGISA TRANSMISSÃO DE ENERGIA S/A;1792196544;0;1792196544;0;0;0
28.367.479/0001-18;2024-12-31;1;QUANTUM PARTICIPAÇÕES S.A;210912183;0;210912183;0;0;0
28.594.234/0001-23;2024-12-31;1;AUREN ENERGIA S.A.;1050378;0;1050378;5400;0;5400
28.925.264/0001-75;2024-12-31;2;COMPANHIA ENERGÉTICA JAGUARA;875448805;0;875448805;0;0;0
28.942.127/0001-49;2024-12-31;1;COMPANHIA ENERGÉTICA MIRANDA;590713140;0;590713140;0;0;0
29.780.061/0001-09;2024-12-31;2;SAO CARLOS EMPREEND E PARTICIPACOES S.A.;57737;0;57737;430;0;430
29.884.545/0001-90;2024-12-31;1;ECORIOMINAS CONCESSIONÁRIA DE RODOVIAS S.A.;823706;0;823706;0;0;0
29.950.060/0001-57;2024-12-31;1;NORTEC QUÍMICA S.A.;11877;0;11877;0;0;0
29.980.141/0001-08;2024-12-31;2;OCEÂNICA ENGENHARIA E CONSULTORIA S.A.;30000000;0;30000000;0;0;0
30.213.493/0001-09;2024-12-31;1;TEGRA INCORPORADORA S.A.;334150965;0;334150965;0;0;0
30.306.294/0001-45;2024-12-31;3;BCO BTG PACTUAL S.A.;7244165569;4261954360;11506119929;27469600;54939200;82408800
30.540.991/0001-66;2024-12-31;1;HAGA S.A. INDUSTRIA E COMERCIO;3966667;7933333;11900000;0;0;0
31.001.230/0001-07;2024-12-31;1;CELEO REDES TRANSMISSÃO DE ENERGIA S.A.;85600;0;85600;0;0;0
31.468.139/0001-98;2024-12-31;1;CASA DE PEDRA SECURITIZADORA DE CREDITO S/A;20;0;20;0;0;0
31.553.627/0001-01;2024-12-31;2;GRUPO TOKY S.A.;122763;0;122763;0;0;0
31.748.174/0001-60;2024-12-31;2;VERO S.A.;151371429;0;151371429;0;0;0
32.021.201/0001-61;2024-12-31;2;ORIGEM ENERGIA S.A.;926357532;0;926357532;0;0;0
32.161.500/0001-00;2024-12-31;1;CONCESSIONÁRIA DAS RODOVIAS INTEGRADAS DO SUL S.A.;1188456196;0;1188456196;0;0;0
32.431.519/0001-10;2024-12-31;1;HÉLIO VALGAS SOLAR PARTICIPAÇÕES S.A.;594000000;0;594000000;0;0;0
32.681.371/0001-72;2024-12-31;1;VIX LOGÍSTICA S.A.;84706;0;84706;0;0;0
32.785.497/0001-97;2024-12-31;2;NATURA &CO HOLDING S.A.;1386848;0;1386848;756;0;756
33.000.167/0001-01;2024-12-31;1;PETROLEO BRASILEIRO S.A. PETROBRAS;7442454142;5602042788;13044496930;222760;155541409;155764169
33.035.536/0001-00;2024-12-31;1;JOAO FORTES ENGENHARIA S.A. - EM RECUPERAÇÃO JUDICIAL;12318720;0;12318720;0;0;0
33.040.601/0001-87;2024-12-31;1;MERCANTIL FINANCEIRA S.A. - SOC. CRÉDITO, FINANC E INVESTIME;24081;16914;40995;0;0;0
33.041.260/0652-90;2024-12-31;1;GRUPO CASAS BAHIA S.A.;95087;0;95087;15;0;15
33.042.730/0001-04;2024-12-31;1;CIA SIDERURGICA NACIONAL;1326093947;0;1326093947;0;0;0
33.050.071/0001-58;2024-12-31;2;AMPLA ENERGIA E SERVICOS S.A.;380040;0;380040;0;0;0
33.050.196/0001-88;2024-12-31;1;CIA PAULISTA DE FORCA E LUZ;880653030;0;880653030;1;0;1
33.102.476/0001-92;2024-12-31;2;MONTEIRO ARANHA S.A.;12251221;0;12251221;0;0;0
33.113.309/0001-47;2024-12-31;1;VALID SOLUÇÕES S.A.;81836375;0;81836375;2691878;0;2691878
33.130.691/0001-05;2024-12-31;1;WILSON SONS S.A.;440977900;0;440977900;0;0;0
33.200.049/0001-47;2024-12-31;1;HOTEIS OTHON S.A. - EM RECUPERAÇÃO JUDICIAL;10478;7894;18372;0;0;0
33.228.024/0001-51;2024-12-31;1;WLM PART. E COMÉRCIO DE MÁQUINAS E VEÍCULOS S.A.;16571220;19843450;36414670;0;0;0
33.256.439/0001-39;2024-12-31;1;ULTRAPAR PARTICIPACOES S.A.;1115439503;0;1115439503;19283471;0;19283471
33.352.394/0001-04;2024-12-31;1;CIA ESTADUAL DE ÁGUAS E ESGOTOS - CEDAE;629071608;0;629071608;0;0;0
33.376.989/0001-91;2024-12-31;2;IRB - BRASIL RESSEGUROS S.A.;82263011;1;82263012;420125;0;420125
33.386.210/0001-19;2024-12-31;1;SONDOTECNICA ENGENHARIA SOLOS S.A.;856;1602;2458;0;27;27
33.412.081/0001-96;2024-12-31;1;REFINARIA DE PETROLEOS MANGUINHOS S.A.;67692;0;67692;7;0;7
33.453.598/0001-23;2024-03-31;1;RAÍZEN S.A.;8993572584;1358936900;10352509484;0;26394646;26394646
33.467.572/0001-34;2024-12-31;2;TEKNO S.A. - INDUSTRIA E COMERCIO;1587;1361;2948;0;0;0
33.541.368/0001-16;2024-12-31;1;CIA HIDRO ELÉTRICA DO SÃO FRANCISCO;54151;1754;55905;0;219;219
33.572.408/0001-97;2024-12-31;1;RUMO MALHA CENTRAL S.A.;4470908744;0;4470908744;0;0;0
33.592.510/0001-54;2024-12-31;3;VALE S.A.;4539008;0;4539008;270288;0;270288
33.611.500/0001-19;2024-12-31;2;GERDAU S.A.;719956830;1358848730;2078805560;1093011;36419068;37512079
33.839.910/0001-11;2024-12-31;1;VIVARA PARTICIPAÇÕES S.A.;236197769;0;236197769;1134590;0;1134590
33.938.119/0001-69;2024-12-31;1;CIA DISTRIB DE GAS DO RIO DE JANEIRO-CEG;259638;0;259638;12206;0;12206
33.958.695/0001-78;2024-12-31;1;UNIPAR CARBOCLORO S.A.;39059883;74113382;113173265;16800;433624;450424
34.169.557/0001-72;2024-12-31;1;BCO MERCANTIL DE INVESTIMENTOS S.A.;4115;710;4825;0;0;0
34.274.233/0001-02;2024-12-31;1;VIBRA ENERGIA S/A;1119000;0;1119000;4489;0;4489
35.522.178/0001-87;2024-12-31;1;CIA SECURITIZADORA DE CRED. FIN. CARTÕES CONSIGNADOS II;10;0;10;0;0;0
35.593.905/0001-05;2024-12-31;1;CONCESSIONÁRIA ECOVIAS DO CERRADO S.A.;819407;0;819407;0;0;0
35.654.688/0001-08;2024-12-31;2;AUTOMOB PARTICIPAÇÕES S.A.;1894302852;0;1894302852;0;0;0
35.727.157/0001-06;2024-12-31;1;EZ INC INCORPORAÇÕES S.A.;200000;0;200000;0;0;0
35.764.708/0001-01;2024-12-31;1;BRASIL TECNOLOGIA E PARTICIPAÇÕES S.A.;154529600;0;154529600;0;0;0
35.791.391/0001-94;2024-12-31;2;QUALITY SOFTWARE S.A.;861605;0;861605;0;0;0
35.822.503/0001-27;2024-12-31;2;INSPIRALI EDUCAÇÃO S.A.;360743639;0;360743639;0;0;0
35.980.592/0001-30;2024-12-31;1;ELEA DIGITAL INFRAESTRUTURA E REDES DE TELECOMUNICAÇÕES S.A.;74720161;0;74720161;0;0;0
36.146.575/0001-64;2024-12-31;2;EIXO SP CONCESSIONÁRIA DE RODOVIAS S.A.;969857;0;969857;0;0;0
36.542.025/0001-64;2024-12-31;1;BRQ SOLUCOES EM INFORMATICA S.A.;133186083;0;133186083;1318911;0;1318911
36.763.716/0001-98;2024-12-31;1;CONCESSIONÁRIA CATARINENSE DE RODOVIAS S.A.;991031991;0;991031991;0;0;0
37.663.076/0001-07;2024-12-31;1;AUREN PARTICIPAÇÕES S.A.;751076090;0;751076090;3140;0;3140
37.702.340/0001-74;2024-12-31;1;MONTE RODOVIAS S.A.;136264376;0;136264376;0;0;0
38.042.694/0001-00;2024-12-31;1;TRAVESSIA SECURITIZADORA DE CRÉDITOS FINANCEIROS S.A.;500;0;500;0;0;0
38.199.406/0001-18;2024-12-31;1;RIO ALTO ENERGIAS RENOVÁVEIS S.A.;46000;0;46000;0;0;0
38.286.323/0001-66;2024-12-31;1;ASSURUÁ 4 E 5 HOLDING ENERGIA S.A.;633123134;456899648;1090022782;0;0;0
38.307.135/0001-77;2024-12-31;1;G2D INVESTMENTS, LTD.;84975995;30080393;115056388;0;0;0
38.456.921/0001-36;2024-12-31;4;INFRACOMMERCE CXAAS S.A.;797937202;0;797937202;0;0;0
38.482.780/0001-26;2024-12-31;2;ANEMUS WIND HOLDING S.A.;49155276;49155276;98310552;0;0;0
39.115.514/0001-28;2024-12-31;1;RUMO MALHA OESTE S.A.;27814146193;1175564295;28989710488;0;0;0
39.580.673/0001-01;2024-12-31;1;BRK AMBIENTAL - REGIÃO METROPOLITANA DE MACEIÓ S.A.;1407552519;0;1407552519;0;0;0
39.881.421/0001-04;2024-12-31;1;COMPANHIA ESTADUAL DE GERAÇÃO DE ENERGIA ELÉTRICA - CEEE-G;9449127;89064;9538191;0;0;0
40.159.947/0001-64;2024-12-31;1;HMOBI PARTICIPAÇÕES S.A.;1834130255;0;1834130255;0;0;0
40.263.170/0001-83;2024-12-31;1;SOLVI ESSENCIS AMBIENTAL S.A.;281382075;0;281382075;0;0;0
40.337.136/0001-06;2024-12-31;1;TERRA SANTA PROPRIEDADES AGRÍCOLAS S.A.;96227;0;96227;20;0;20
40.480.481/0001-02;2024-12-31;1;RIO ALTO STL HOLDING I S.A.;479000;0;479000;0;0;0
40.593.395/0001-06;2024-12-31;1;IFIN PARTICIPAÇÕES S.A.;1000;0;1000;0;0;0
40.997.635/0001-20;2024-12-31;1;PORTO DE VITORIA COMPANHIA SECURITIZADORA DE CREDITOS FINANC;500;0;500;0;0;0
41.052.420/0001-07;2024-12-31;1;SOLAR BEBIDAS S.A.;1190097985;1140951274;2331049259;0;0;0
41.096.674/0001-19;2024-12-31;1;CANTU STORE S.A.;206741876;0;206741876;0;0;0
41.335.131/0001-07;2024-12-31;1;MOTTU I S.A;13627;0;13627;0;0;0
41.508.382/0001-46;2024-12-31;1;RODOVIAS DO BRASIL HOLDING S.A.;928270206;0;928270206;0;0;0
41.570.356/0001-48;2024-12-31;1;VRENTAL LOCAÇÃO DE MÁQUINAS E EQUIPAMENTOS S.A.;32831446;0;32831446;0;0;0
41.886.692/0001-02;2024-12-31;1;CONCESSIONARIA ROTA DE SANTA MARIA S.A;310000000000;0;310000000000;0;0;0
42.150.391/0001-70;2024-12-31;1;BRASKEM S.A.;451668652;345539155;797207807;0;27;27
42.233.757/0001-75;2024-12-31;1;ALVAREZ & MARSAL INVESTIMENTOS I S.A.;1000;0;1000;0;0;0
42.278.291/0001-24;2024-12-31;1;LOG-IN LOGISTICA INTERMODAL S.A.;107306486;0;107306486;1218772;0;1218772
42.278.473/0001-03;2024-12-31;2;WIZ CO PARTICIPAÇÕES E CORRETAGEM DE SEGUROS S.A.;159907282;0;159907282;0;0;0
42.292.007/0001-74;2024-12-31;1;RIO+ SANEAMENTO BL 3 S.A.;675002500;0;675002500;0;0;0
42.310.775/0001-03;2024-12-31;1;ÁGUAS DO RIO 1 SPE S.A.;688011298;0;688011298;0;0;0
42.331.462/0001-31;2024-12-31;1;EMBPAR PARTICIPAÇÕES S/A;14860;0;14860;0;0;0
42.353.180/0001-35;2024-12-31;1;IGUÁ RIO DE JANEIRO S.A.;608830;0;608830;0;0;0
42.500.384/0001-51;2024-12-31;1;SERENA ENERGIA S.A.;622730556;0;622730556;42205;0;42205
42.644.220/0001-06;2024-12-31;1;ÁGUAS DO RIO 4 SPE S.A.;951782189;0;951782189;0;0;0
42.737.954/0001-21;2024-12-31;2;INTER & CO, INC.;439701921;0;439701921;0;0;0
42.771.949/0001-35;2024-12-31;2;ALLIANÇA SAÚDE E PARTICIPAÇÕES S.A.;118292816;0;118292816;90827;0;90827
43.283.811/0001-50;2024-12-31;1;KALUNGA S.A;622139776;0;622139776;0;0;0
43.335.774/0001-86;2024-12-31;2;TRAVESSIA SECURITIZADORA DE CRÉDITOS MERCANTIS VI S.A.;500;0;500;0;0;0
43.470.988/0001-65;2024-12-31;1;EVEN CONSTRUTORA E INCORPORADORA S.A.;200000000;0;200000000;3143749;0;3143749
43.514.079/0001-81;2024-12-31;1;CLI SUL S.A.;435000500;0;435000500;0;0;0
43.776.517/0001-80;2024-12-31;3;CIA SANEAMENTO BASICO EST SAO PAULO;683509868;1;683509869;0;0;0
43.948.405/0001-69;2024-12-31;2;LUPO S.A.;197593686;0;197593686;0;0;0
44.067.725/0001-72;2024-12-31;1;VIA BRASIL BR 163 CONCESSIONÁRIA DE RODOVIAS S.A.;500000000;0;500000000;0;0;0
44.319.688/0001-42;2024-12-31;1;CONCESSIONÁRIA DO SISTEMA RODOVIÁRIO RIO-SÃO PAULO S.A;2034122500;0;2034122500;0;0;0
44.854.238/0001-50;2024-12-31;1;PARSAN S.A.;50000000;50000000;100000000;0;0;0
45.242.914/0001-05;2024-12-31;1;C&A MODAS S.A.;308245068;0;308245068;3624126;0;3624126
45.365.558/0001-09;2024-12-31;1;VITTIA S.A.;150314018;0;150314018;304779;0;304779
45.453.214/0001-51;2024-12-31;1;PROFARMA DISTRIB PROD FARMACEUTICOS S.A.;123813;0;123813;1202;0;1202
45.456.117/0001-12;2024-12-31;1;ÁGUAS DO SERTÃO S.A.;550000000;0;550000000;0;0;0
45.736.131/0001-70;2024-12-31;1;UNIDAS LOCADORA S.A.;3969383601;0;3969383601;0;0;0
45.987.245/0001-92;2024-12-31;1;BIOMA EDUCAÇÃO S.A.;26390582;0;26390582;0;0;0
46.119.855/0001-37;2024-12-31;1;SOCIEDADE ABASTECIMENTO DE ÁGUA E SANEAMENTO S.A - SANASA;600534;0;600534;30;0;30
46.568.486/0001-60;2024-12-31;1;QUANTUM MANTIQUEIRA PARTICIPAÇÕES S.A.;1000;0;1000;0;0;0
46.573.272/0001-81;2024-12-31;1;PORTO SAÚDE PARTICIPAÇÕES S.A.;1246832885;0;1246832885;0;0;0
47.155.252/0001-53;2024-12-31;1;VIA ARAUCÁRIA CONCESSIONÁRIA DE RODOVIAS S.A.;735074;0;735074;0;0;0
47.508.411/0001-56;2024-12-31;1;CIA BRASILEIRA DE DISTRIBUICAO;490198;0;490198;160;0;160
47.509.120/0001-82;2024-12-31;1;BRADESCO LEASING S.A. ARREND MERCANTIL;24;0;24;0;0;0
47.586.663/0001-01;2024-12-31;2;NOVA SOCIEDADE DE NAVEGAÇÃO S.A.;12007;0;12007;0;0;0
47.815.827/0001-17;2024-12-31;1;CAMINHOS DA SERRA GAUCHA S/A;283066000;0;283066000;0;0;0
47.960.950/0001-21;2024-12-31;1;MAGAZINE LUIZA S.A.;738995248;0;738995248;2935027;0;2935027
48.127.008/0001-40;2024-12-31;2;CONCESSIONÁRIA RODOVIAS DO SUL DE MINAS SPE S.A.;26000000;26000000;52000000;0;0;0
48.127.012/0001-08;2024-12-31;2;CONCESSIONÁRIA RODOVIAS DO TRIÂNGULO SPE S.A.;125000000;125000000;250000000;0;0;0
48.710.127/0001-20;2024-12-31;1;SPE NOVO NORTE AEROPORTOS S.A;115250874;0;115250874;0;0;0
48.851.242/0001-15;2024-12-31;1;CONCESSIONARIA DAS RODOVIAS DO LESTE MS S/A;122000000;0;122000000;0;0;0
49.115.815/0001-05;2024-12-31;1;JBS N.V.;1166514949;0;1166514949;624500000;0;624500000
49.263.189/0001-02;2024-12-31;1;HELBOR EMPREENDIMENTOS S.A.;133851;0;133851;1157;0;1157
49.314.049/0001-08;2024-12-31;1;CONCESSIONÁRIA DE RODOVIAS NOROESTE PAULISTA S.A;58057;0;58057;0;0;0
49.669.856/0001-43;2024-12-31;1;VESTE S.A. ESTILO;114001;0;114001;0;0;0
50.399.553/0001-37;2024-12-31;1;CONCESSIONÁRIA RODOANEL NORTE SPE S.A.;218001000;0;218001000;0;0;0
50.746.577/0001-15;2024-12-31;1;COSAN S.A.;1866570932;0;1866570932;3747965;0;3747965
50.926.955/0001-42;2024-12-31;2;VULCABRAS S.A.;274656;0;274656;3107;0;3107
51.128.999/0001-90;2024-12-31;1;NUTRIPLANT INDUSTRIA E COMERCIO S.A.;13244400;0;13244400;11000;0;11000
51.136.974/0001-38;2024-12-31;2;EPR INFRAESTRUTURA PR S.A.;256625000;256625000;513250000;0;0;0
51.137.031/0001-20;2024-12-31;1;EPR LITORAL PIONEIRO S.A.;1000000000;0;1000000000;0;0;0
51.218.147/0001-93;2024-12-31;2;IGUATEMI EMPRESA DE SHOPPING CENTERS S.A;164955322;0;164955322;0;0;0
51.430.503/0001-38;2024-12-31;1;PORTO SERVIÇO S.A;978570481;0;978570481;0;0;0
51.466.860/0001-56;2024-03-31;1;SAO MARTINHO S.A.;346375066;0;346375066;544400;0;544400
51.742.485/0001-20;2024-12-31;1;CONCESSIONÁRIA RODOVIAS DO CAFÉ SPE S.A.;60000000;60000000;120000000;0;0;0
51.928.174/0001-50;2024-12-31;2;PLASCAR PARTICIPACOES INDUSTRIAIS S.A.;12425;0;12425;0;0;0
52.017.473/0001-03;2024-12-31;1;AZEVEDO & TRAVASSOS ENERGIA S.A.;197584471;0;197584471;0;0;0
52.270.350/0001-71;2024-12-31;1;COMPANHIA BRASILEIRA DE SERVIÇOS FINANCEIROS;94000;0;94000;0;0;0
52.475.549/0001-36;2024-12-31;2;R/HOLDINGS S.A.;1000;0;1000;0;0;0
52.548.435/0001-79;2024-12-31;1;JSL S.A.;286431078;0;286431078;1916372;0;1916372
52.805.925/0001-03;2024-12-31;1;BELORA RDVC CITY DESENVOLVIMENTO IMOBILIÁRIO S.A.;149000;0;149000;0;0;0
52.810.883/0001-07;2024-12-31;2;REVEE MCO S.A.;1000;0;1000;0;0;0
52.841.191/0001-18;2024-12-31;2;REVEE S.A.;115081;0;115081;0;0;0
53.113.791/0001-22;2024-12-31;1;TOTVS S.A.;599401581;0;599401581;13512321;0;13512321
53.153.938/0001-08;2024-12-31;1;COBASI COMÉRCIO DE PRODUTOS BÁSICOS E INDUSTRIALIZADOS S.A.;3686823;0;3686823;11611;0;11611
55.231.969/0001-65;2024-12-31;1;EPR VIA MINEIRA S.A.;340000100;0;340000100;0;0;0
56.444.250/0001-75;2024-12-31;1;HAUSCENTER SA;2327;0;2327;0;0;0
56.643.018/0001-66;2024-12-31;1;EUCATEX S.A. INDUSTRIA E COMERCIO;31258;61361;92619;5;474;479
56.720.428/0001-63;2024-12-31;2;ROMI S.A.;93170747;0;93170747;0;0;0
56.992.423/0001-90;2024-12-31;1;BICICLETAS MONARK S.A.;454750;0;454750;0;0;0
58.070.452/0001-20;2024-12-31;1;IGUÁ SERGIPE S.A.;640001;0;640001;0;0;0
58.119.199/0001-51;2024-12-31;1;ODONTOPREV S.A.;552495663;0;552495663;6188777;0;6188777
58.430.828/0001-60;2024-12-31;1;BLAU FARMACÊUTICA S.A.;179393939;0;179393939;1713200;0;1713200
59.105.999/0001-86;2024-12-31;1;WHIRLPOOL S.A.;1028701;474085;1502786;0;0;0
59.285.411/0001-13;2024-12-31;1;BCO PAN S.A.;657560635;611509455;1269070090;0;18500318;18500318
59.418.806/0001-47;2024-12-31;2;TRACK & FIELD CO S.A.;877251375;68992864;946244239;0;3899373;3899373
59.546.515/0001-34;2024-12-31;1;FISIA COMÉRCIO DE PRODUTOS ESPORTIVOS S.A.;1168847027;0;1168847027;0;0;0
59.717.553/0001-02;2024-12-31;1;GRUPO MULTI S.A.;820539225;0;820539225;13126485;0;13126485
59.789.545/0001-71;2024-12-31;1;POLPAR S.A.;68;80;148;0;0;0
59.981.829/0001-65;2024-12-31;1;RODOBENS SA;548920372;407374120;956294492;0;2489004;2489004
60.398.369/0004-79;2024-12-31;2;PARANAPANEMA S.A. - EM RECUPERAÇÃO JUDICIAL;69561031;0;69561031;14410;0;14410
60.444.437/0001-46;2024-12-31;1;LIGHT SERVICOS DE ELETRICIDADE S.A.;699383780916;0;699383780916;0;0;0
60.476.884/0001-87;2024-12-31;1;MAHLE METAL LEVE S.A.;135539000;0;135539000;0;0;0
60.537.263/0001-66;2024-12-31;1;ALLPARK EMPREENDIMENTOS, PARTICIPAÇÕES E SERVIÇOS S.A.;217024025;0;217024025;1858045;0;1858045
60.543.816/0001-93;2024-12-31;1;IGUATEMI S.A.;774849080;443082050;1217931130;3856651;7713294;11569945
60.651.809/0001-05;2024-12-31;1;SUZANO HOLDING S.A.;300136;391573;691709;0;0;0
60.665.981/0001-18;2024-12-31;1;UNIÃO QUÍMICA FARMACÊUTICA NACIONAL S.A.;591629015;0;591629015;0;0;0
60.730.348/0001-66;2024-12-31;1;CIA MELHORAMENTOS DE SAO PAULO;5631;773;6404;2;4;6
60.746.948/0001-12;2024-12-31;1;BCO BRADESCO S.A.;5330304681;5311865547;10642170228;23843100;21344200;45187300
60.840.055/0001-31;2024-12-31;1;FLEURY S.A.;547191026;0;547191026;2911287;0;2911287
60.851.615/0001-53;2024-12-31;1;BARDELLA S.A. INDUSTRIAS MECANICAS EM RECUPERAÇÃO JUDICIAL;607192;992808;1600000;0;0;0
60.872.504/0001-23;2024-12-31;1;ITAU UNIBANCO HOLDING S.A.;4958290;4817814;9776104;0;28031;28031
60.884.319/0001-59;2024-12-31;1;NORDON INDUSTRIAS METALURGICAS S.A.;6621;0;6621;0;0;0
60.894.730/0001-05;2024-12-31;1;USINAS SID DE MINAS GERAIS S.A.-USIMINAS;705260684;547818424;1253079108;2526656;19609792;22136448
60.933.603/0001-78;2024-12-31;1;CESP - CIA ENERGETICA DE SAO PAULO;348598;0;348598;113;0;113
61.022.042/0001-18;2024-12-31;2;CONSTRUTORA ADOLPHO LINDENBERG S.A.;3721065;0;3721065;0;0;0
61.065.298/0001-02;2024-12-31;1;MANGELS INDUSTRIAL S.A.;2067243;3715969;5783212;0;0;0
61.079.117/0001-05;2024-12-31;3;ALPARGATAS S.A.;339510689;343551533;683062222;32;6632532;6632564
61.080.313/0001-91;2024-12-31;1;COBRASMA S.A.;403041;622808;1025849;0;0;0
61.082.004/0001-50;2024-12-31;2;MANUFATURA DE BRINQUEDOS ESTRELA S.A.;2695;5389;8084;0;0;0
61.088.894/0001-08;2024-12-31;1;CAMBUCI S.A.;42275080;0;42275080;435507;0;435507
61.092.037/0001-81;2024-12-31;2;ETERNIT S.A.;61777;0;61777;126;0;126
61.156.113/0001-75;2024-12-31;1;IOCHPE MAXION S.A.;153720;0;153720;3950;0;3950
61.156.931/0001-78;2024-12-31;2;ALIPERTI S.A.;6250;12345;18595;0;380;380
61.186.680/0001-74;2024-12-31;2;BANCO BMG S/A;372696198;210536213;583232411;0;2750309;2750309
61.189.288/0001-89;2024-12-31;1;MARISA LOJAS S.A.;513546;0;513546;13458;0;13458
61.190.096/0001-92;2024-12-31;2;EUROFARMA LABORATÓRIOS S.A.;989212309;0;989212309;0;0;0
61.351.532/0001-68;2024-12-31;1;AZEVEDO E TRAVASSOS S.A.;67326343;130259128;197585471;0;0;0
61.374.161/0001-30;2024-12-31;2;BAUMER S.A.;4900000;4900000;9800000;11890;3600;15490
61.409.892/0001-73;2024-12-31;2;COMPANHIA BRASILEIRA DE ALUMÍNIO;651073;0;651073;0;0;0
61.486.650/0001-83;2024-12-31;1;DIAGNOSTICOS DA AMERICA S.A.;1255006644;0;1255006644;5361750;0;5361750
61.532.644/0001-15;2024-12-31;2;ITAÚSA S.A.;3726767;7117790;10844557;0;2890;2890
61.584.140/0001-49;2024-12-31;1;REDE ENERGIA PARTICIPAÇÕES S.A.;2110323374;0;2110323374;0;0;0
61.585.865/0001-51;2024-12-31;2;RAIA DROGASIL S.A.;1718007200;0;1718007200;6012572;0;6012572
61.695.227/0001-93;2024-12-31;1;ELETROPAULO METROP. ELET. SAO PAULO S.A.;299075;0;299075;0;0;0
61.856.571/0001-17;2024-12-31;1;CIA GAS DE SAO PAULO - COMGAS;103862768;28657819;132520587;0;0;0
62.002.886/0001-60;2024-12-31;1;SAO PAULO TURISMO S.A.;8407;135;8542;0;1;1
62.070.362/0001-06;2024-12-31;1;COMPANHIA DO METROPOLITANO DE SÃO PAULO - METRÔ;10109;0;10109;0;0;0
62.144.175/0001-20;2024-12-31;2;BCO PINE S.A;115953618;113794003;229747621;0;4675742;4675742
62.232.889/0001-90;2024-12-31;2;BCO DAYCOVAL S.A.;1323471042;567201876;1890672918;0;0;0
62.258.884/0001-36;2024-12-31;1;INTERCEMENT BRASIL S.A. - EM RECUPERAÇÃO JUDICIAL;411597545;0;411597545;0;0;0
62.307.848/0001-15;2024-12-31;2;BANCO RCI BRASIL S.A.;202512;201941;404453;0;0;0
62.984.091/0001-02;2024-12-31;1;CRUZEIRO DO SUL EDUCACIONAL S.A.;364542552;0;364542552;0;0;0
64.904.295/0001-03;2024-02-28;1;CAMIL ALIMENTOS S.A.;350000000;0;350000000;8928768;0;8928768
65.654.303/0001-73;2024-12-31;1;DIBENS LEASING S.A. - ARREND.MERCANTIL;2215856;0;2215856;0;0;0
67.010.660/0001-24;2024-12-31;1;RNI NEGÓCIOS IMOBILIÁRIOS S.A.;43770;0;43770;1576;0;1576
67.571.414/0001-41;2024-12-31;1;VIVER INCORPORADORA E CONSTRUTORA S.A.;38366;0;38366;0;0;0
67.620.377/0001-14;2024-12-31;1;MINERVA S.A.;607283407;0;607283407;18957451;0;18957451
71.208.516/0001-74;2024-12-31;1;ALGAR TELECOM S/A;295020;573;295593;0;0;0
71.476.527/0001-35;2024-12-31;1;CONSTRUTORA TENDA S.A.;123094;0;123094;0;0;0
71.673.990/0001-77;2024-12-31;1;NATURA COSMÉTICOS S.A.;920205;0;920205;0;0;0
73.178.600/0001-18;2024-12-31;1;CYRELA BRAZIL REALTY S.A.EMPREEND E PART;384000;0;384000;17468;0;17468
73.903.718/0001-61;2024-12-31;1;SNB PARTICIPACOES SA;2902487;0;2902487;0;0;0
75.315.333/0001-09;2024-12-31;1;ATACADÃO S.A.;2109056711;0;2109056711;0;0;0
75.609.123/0001-23;2024-12-31;2;UNIDAS LOCAÇÕES E SERVIÇOS S.A.;1458675998;0;1458675998;0;0;0
76.483.817/0001-20;2024-12-31;1;CIA PARANAENSE DE ENERGIA - COPEL;1300347300;1682463291;2982810591;2623800;3074600;5698400
76.484.013/0001-45;2024-12-31;1;CIA SANEAMENTO DO PARANA - SANEPAR;503735259;1007470260;1511205519;0;0;0
76.535.764/0001-43;2024-12-31;1;OI S.A. - EM RECUPERAÇÃO JUDICIAL;328544;1577;330121;6440;18;6458
76.627.504/0001-06;2024-12-31;1;INEPAR S.A. INDUSTRIA E CONSTRUCOES EM RECUPERACAO JUDICIAL;31979;12627;44606;0;0;0
79.430.682/0001-22;2024-12-31;1;FARMÁCIA E DROGARIA NISSEI S.A.;200000000;0;200000000;0;0;0
80.680.093/0001-81;2024-12-31;1;SENIOR SISTEMAS S.A.;1269683;0;1269683;22457;0;22457
81.243.735/0001-48;2024-12-31;1;POSITIVO TECNOLOGIA S.A.;141800;0;141800;2259;0;2259
81.616.807/0001-55;2024-12-31;1;GRANJA FARIA S.A.;14945789847;0;14945789847;0;0;0
82.120.676/0001-83;2024-12-31;1;ALMEIDA JUNIOR SHOPPING CENTERS S.A.;130000000;0;130000000;0;0;0
82.508.433/0001-17;2024-12-31;1;CIA CATARINENSE DE AGUAS E SANEAM.-CASAN;572078479;578578081;1150656560;0;0;0
82.636.986/0001-55;2024-12-31;1;TEKA-TECELAGEM KUEHNRICH S.A. - EM RECUPERAÇÃO JUDICIAL;168;335;503;0;0;0
82.640.558/0001-04;2024-12-31;1;KARSTEN S.A.;2878;3327;6205;0;0;0
82.643.537/0001-34;2024-12-31;1;ELECTRO ACO ALTONA S.A.;9750;12750;22500;0;0;0
82.901.000/0001-27;2024-12-31;1;INTELBRAS S.A. IND. DE TELECOMUNICAÇÃO ELETRÔNICA BRASILEIRA;327611110;0;327611110;46730;0;46730
82.981.929/0001-03;2024-12-31;1;CIA INDUSTRIAL SCHLOSSER S.A.;480;480;960;460;460;920
82.982.075/0001-80;2024-12-31;1;TEXTIL RENAUXVIEW S.A.;1456;2803;4259;0;0;0
83.475.913/0001-91;2024-12-31;1;PBG S/A;140987;0;140987;0;0;0
83.878.892/0001-55;2024-12-31;1;CENTRAIS ELET DE SANTA CATARINA S.A.;15527;23044;38571;0;0;0
84.429.695/0001-11;2024-12-31;1;WEG S.A.;4197317998;0;4197317998;1780620;0;1780620
84.683.374/0001-49;2024-12-31;1;TUPY S.A.;144178;0;144178;7711;0;7711
84.683.408/0001-03;2024-12-31;1;DOHLER S.A.;54467820;21177465;75645285;0;233697;233697
84.683.671/0001-94;2024-12-31;1;WETZEL S.A.;686;1372;2058;0;0;0
84.684.455/0001-63;2024-12-31;1;TIGRE S.A. PARTICIPAÇÕES;15150731;47906;15198637;0;39633;39633
84.693.183/0001-68;2024-12-31;2;SCHULZ S.A.;152692764;204682016;357374780;3141;223120;226261
85.041.333/0001-11;2024-12-31;1;PORTO PONTA DO FELIX S/A;85937;145450;231387;0;0;0
85.778.074/0001-06;2024-12-31;1;METALURGICA RIOSULENSE S.A.;3576903;2495225;6072128;0;0;0
86.375.425/0001-09;2024-12-31;1;METISA METALURGICA TIMBOENSE S.A.;4212530;4577200;8789730;0;87600;87600
87.043.832/0001-73;2024-12-31;2;SEIVA S.A. - FLORESTAS E INDÚSTRIAS;8573186;10491038;19064224;0;0;0
87.456.562/0001-22;2024-12-31;1;JOSAPAR-JOAQUIM OLIVEIRA S.A. - PARTICIP;10451;131;10582;0;0;0
87.762.563/0001-03;2024-12-31;2;CIA HABITASUL DE PARTICIPACOES;3152764;5980923;9133687;0;0;0
87.870.952/0001-44;2024-12-31;1;BORRACHAS VIPAL S.A.;234207;0;234207;0;0;0
88.610.126/0001-29;2024-12-31;1;FRAS-LE S.A.;267016;0;267016;3000;0;3000
88.610.191/0001-54;2024-12-31;1;MUNDIAL S.A. - PRODUTOS DE CONSUMO;9921040;0;9921040;3064;0;3064
88.611.835/0001-29;2024-12-31;1;MARCOPOLO S.A.;409950893;726320565;1136271458;0;10208000;10208000
88.613.658/0001-10;2024-06-30;1;PETTENATI S.A. INDUSTRIA TEXTIL;16016924;32029564;48046488;0;0;0
89.086.144/0001-16;2024-12-31;1;RANDONCORP S.A.;116516;212815;329331;0;1037;1037
89.096.457/0001-55;2024-12-31;3;SLC AGRICOLA S.A.;443329716;0;443329716;2612586;0;2612586
89.463.822/0001-12;2024-12-31;1;LUPATECH S.A;42130719;0;42130719;0;0;0
89.637.490/0001-45;2024-12-31;1;KLABIN S.A.;2289901455;3889780576;6179682031;20080051;80320413;100400464
89.723.993/0001-33;2024-12-31;1;CONSTRUTORA SULTEPA S.A. - EM RECUPERAÇÃO JUDICIAL;7490;5110;12600;0;0;0
89.850.341/0001-60;2024-12-31;1;GRENDENE S.A.;902160;0;902160;0;0;0
90.076.886/0001-40;2024-12-31;1;MINUPAR PARTICIPACOES S.A.;7100;0;7100;0;0;0
90.400.888/0001-42;2024-12-31;2;BCO SANTANDER (BRASIL) S.A.;3818695;3679836;7498531;19452;19452;38904
90.441.460/0001-48;2024-12-31;1;UNICASA INDÚSTRIA DE MÓVEIS S.A.;66086364;0;66086364;0;0;0
91.333.666/0001-17;2024-12-31;1;RECRUSUL S.A.;10663;21158;31821;0;0;0
91.669.747/0001-92;2024-12-31;1;DM FINANCEIRA S.A. - CRÉDITO, FINANCIAMENTO E INVESTIMENTO;61791;0;61791;3;0;3
91.983.056/0001-69;2024-12-31;1;KEPLER WEBER S.A.;179720;0;179720;6353;0;6353
92.012.467/0001-70;2024-12-31;1;GRAZZIOTIN S.A.;8651752;12207058;20858810;20700;51400;72100
92.660.570/0001-26;2024-12-31;1;TREVISA INVESTIMENTOS S.A.;9192;11592;20784;0;0;0
92.665.611/0001-77;2024-12-31;1;DIMED S.A. DISTRIBUIDORA DE MEDICAMENTOS;150377841;0;150377841;1584230;0;1584230
92.690.783/0001-09;2024-12-31;2;METALURGICA GERDAU S.A.;365111201;649238303;1014349504;0;9936900;9936900
92.693.019/0001-89;2024-12-31;2;PANATLANTICA S.A.;22907;1025;23932;0;0;0
92.702.067/0001-96;2024-12-31;1;BCO ESTADO DO RIO GRANDE DO SUL S.A.;205065;203909;408974;0;0;0
92.715.812/0001-31;2024-12-31;1;CPFL TRANSMISSÃO S.A.;15241703;180641;15422344;0;0;0
92.721.232/0001-57;2024-12-31;1;BANRISUL ARMAZENS GERAIS SA;700000;0;700000;0;0;0
92.749.225/0001-63;2024-12-31;1;HERCULES S.A. FABRICA DE TALHERES;171198;338801;509999;0;0;0
92.754.738/0001-62;2024-12-31;1;LOJAS RENNER S.A.;1059550;0;1059550;7818;0;7818
92.781.335/0001-02;2024-12-31;1;TAURUS ARMAS S.A.;46445314;80189120;126634434;0;323100;323100
92.791.243/0001-03;2024-12-31;1;IRANI PAPEL E EMBALAGEM S.A.;239830;0;239830;6301;0;6301
92.802.784/0001-90;2024-12-31;1;CIA RIOGRANDENSE DE SANEAMENTO;4786604;82393289;87179893;0;0;0
93.828.986/0001-73;2024-12-31;1;CEMEPE INVESTIMENTOS S.A.;454455;464440;918895;0;0;0
94.813.102/0001-70;2024-12-31;2;TRÊS TENTOS AGROINDUSTRIAL S/A;498297647;0;498297647;110000;0;110000
95.426.862/0001-97;2024-12-31;1;EXCELSIOR ALIMENTOS S.A.;2846929;2375293;5222222;0;0;0
96.298.013/0001-68;2024-12-31;2;PACAEMBU CONSTRUTORA S.A.;129880845;0;129880845;0;0;0
96.418.264/0218-02;2024-12-31;1;LOJAS QUERO QUERO S.A.;195073;0;195073;0;0;0
97.191.902/0001-94;2024-12-31;1;CONSERVAS ODERICH S.A.;9858;1428;11286;0;0;0
97.837.181/0001-47;2024-12-31;1;DEXCO S.A.;820566;0;820566;12202;0;12202
